"Figure","Panel","Scenario","fr","pMIC","Median_log10_dose","Treatment_outcome_at_median_dose","Mean","P2.5","P25","Median","P75","P97.5","Minimum","Maximum"
"Varying residual doxycycline concentration","Resistant fraction = 0","0% MIC",0,0,2.1146870296892,"More likely treatable",5.96392878042806e-05,5.96392878042806e-05,5.96392878042806e-05,5.96392878042806e-05,5.96392878042806e-05,5.96392878042806e-05,5.96392878042806e-05,5.96392878042806e-05
"Varying residual doxycycline concentration","Resistant fraction = 0","2% MIC",0,2,2.1146870296892,"More likely treatable",1.7177727986978e-05,4.09758611343292e-06,1.38824551508543e-05,1.75301031579145e-05,2.10349972788182e-05,2.61586877409042e-05,6.93624443437457e-08,2.90695975058153e-05
"Varying residual doxycycline concentration","Resistant fraction = 0","5% MIC",0,5,2.1146870296892,"More likely treatable",3.15403173058959e-06,9.76424277682186e-08,1.63621500040567e-06,2.83942246692703e-06,4.40266762011254e-06,7.41244523471685e-06,2.24344987032055e-11,9.61975936031312e-06
"Varying residual doxycycline concentration","Resistant fraction = 0.2","0% MIC",0.2,0,2.1146870296892,"More likely treatable",3.57830035028216e-05,3.57830035028216e-05,3.57830035028216e-05,3.57830035028216e-05,3.57830035028216e-05,3.57830035028216e-05,3.57830035028216e-05,3.57830035028216e-05
"Varying residual doxycycline concentration","Resistant fraction = 0.2","2% MIC",0.2,2,2.1146870296892,"More likely treatable",1.81347259738917e-06,-8.650582962601e-06,-8.22742934288113e-07,2.09536554678122e-06,4.89927674956612e-06,8.9982326525904e-06,-1.18731271019391e-05,1.13269676365715e-05
"Varying residual doxycycline concentration","Resistant fraction = 0.2","5% MIC",0.2,5,2.1146870296892,"Less likely treatable",-9.40541810424774e-06,-1.18505033841232e-05,-1.06196594296667e-05,-9.6571037692125e-06,-8.40652010759575e-06,-5.99871901947686e-06,-1.19285984493321e-05,-4.23288061713559e-06
"Varying resistant fraction","pMIC = 0% MIC","fr = 0",0,0,2.1146870296892,"More likely treatable",5.96392878042806e-05,5.96392878042806e-05,5.96392878042806e-05,5.96392878042806e-05,5.96392878042806e-05,5.96392878042806e-05,5.96392878042806e-05,5.96392878042806e-05
"Varying resistant fraction","pMIC = 0% MIC","fr = 0.2",0.2,0,2.1146870296892,"More likely treatable",3.57830035028216e-05,3.57830035028216e-05,3.57830035028216e-05,3.57830035028216e-05,3.57830035028216e-05,3.57830035028216e-05,3.57830035028216e-05,3.57830035028216e-05
"Varying resistant fraction","pMIC = 0% MIC","fr = 0.5",0.5,0,2.1146870296892,"Less likely treatable",-8.89281875185612e-10,-8.89281875185612e-10,-8.89281875185612e-10,-8.89281875185612e-10,-8.89281875185612e-10,-8.89281875185612e-10,-8.89281875185612e-10,-8.89281875185612e-10
"Varying resistant fraction","pMIC = 2% MIC","fr = 0",0,2,2.1146870296892,"More likely treatable",1.7177727986978e-05,4.09758611343292e-06,1.38824551508543e-05,1.75301031579145e-05,2.10349972788182e-05,2.61586877409042e-05,6.93624443437457e-08,2.90695975058153e-05
"Varying resistant fraction","pMIC = 2% MIC","fr = 0.2",0.2,2,2.1146870296892,"More likely treatable",1.81347259738917e-06,-8.650582962601e-06,-8.22742934288113e-07,2.09536554678122e-06,4.89927674956612e-06,8.9982326525904e-06,-1.18731271019391e-05,1.13269676365715e-05
"Varying resistant fraction","pMIC = 2% MIC","fr = 0.5",0.5,2,2.1146870296892,"Less likely treatable",-2.12321114842016e-05,-2.77720918952127e-05,-2.28797436263837e-05,-2.10559351289916e-05,-1.93034944642014e-05,-1.67416437106358e-05,-2.97861493626041e-05,-1.52861776208366e-05
