"Figure","Panel","Scenario","fr","pMIC","Median_log10_dose","Treatment_outcome_at_median_dose","Mean_log10_risk","P2.5_log10_risk","P25_log10_risk","Median_log10_risk","P75_log10_risk","P97.5_log10_risk","Minimum_log10_risk","Maximum_log10_risk"
"Varying residual doxycycline concentration","Resistant fraction = 0","0% MIC",0,0,2.1146870296892,"More likely treatable",-4.22446755141149,-4.22446755141149,-4.22446755141149,-4.22446755141149,-4.22446755141149,-4.22446755141149,-4.22446755141149,-4.22446755141149
"Varying residual doxycycline concentration","Resistant fraction = 0","2% MIC",0,2,2.1146870296892,"More likely treatable",-4.80467989570998,-5.38757660947592,-4.85753395873321,-4.75621565715776,-4.67705765601492,-4.58238411024277,-7.15887561065446,-4.53656098137761
"Varying residual doxycycline concentration","Resistant fraction = 0","5% MIC",0,5,2.1146870296892,"More likely treatable",-5.65567799236803,-7.01074973448248,-5.78616092405886,-5.54677011460265,-5.35628447996929,-5.13003872604452,-10.6490836302924,-5.01683579176627
"Varying residual doxycycline concentration","Resistant fraction = 0.2","0% MIC",0.2,0,2.1146870296892,"More likely treatable",-4.22446064452994,-4.22446064452994,-4.22446064452994,-4.22446064452994,-4.22446064452994,-4.22446064452994,-4.22446064452994,-4.22446064452994
"Varying residual doxycycline concentration","Resistant fraction = 0.2","2% MIC",0.2,2,2.1146870296892,"More likely treatable",-4.59766328080657,-4.81797132430013,-4.6376214568158,-4.58581919228934,-4.54126386942976,-4.48339240194146,-4.92139436945651,-4.45365231397923
"Varying residual doxycycline concentration","Resistant fraction = 0.2","5% MIC",0.2,5,2.1146870296892,"Less likely treatable",-4.8425999688766,-4.92057529324166,-4.8781916326157,-4.84770771284699,-4.81105150307763,-4.74815471158589,-4.9234092739182,-4.70720467093721
"Varying resistant fraction","pMIC = 0% MIC","fr = 0",0,0,2.1146870296892,"More likely treatable",-4.22446755141149,-4.22446755141149,-4.22446755141149,-4.22446755141149,-4.22446755141149,-4.22446755141149,-4.22446755141149,-4.22446755141149
"Varying resistant fraction","pMIC = 0% MIC","fr = 0.2",0.2,0,2.1146870296892,"More likely treatable",-4.22446064452994,-4.22446064452994,-4.22446064452994,-4.22446064452994,-4.22446064452994,-4.22446064452994,-4.22446064452994,-4.22446064452994
"Varying resistant fraction","pMIC = 0% MIC","fr = 0.5",0.5,0,2.1146870296892,"Less likely treatable",-4.22445675945809,-4.22445675945809,-4.22445675945809,-4.22445675945809,-4.22445675945809,-4.22445675945809,-4.22445675945809,-4.22445675945809
"Varying resistant fraction","pMIC = 2% MIC","fr = 0",0,2,2.1146870296892,"More likely treatable",-4.80467989570998,-5.38757660947592,-4.85753395873321,-4.75621565715776,-4.67705765601492,-4.58238411024277,-7.15887561065446,-4.53656098137761
"Varying resistant fraction","pMIC = 2% MIC","fr = 0.2",0.2,2,2.1146870296892,"More likely treatable",-4.59766328080657,-4.81797132430013,-4.6376214568158,-4.58581919228934,-4.54126386942976,-4.48339240194146,-4.92139436945651,-4.45365231397923
"Varying resistant fraction","pMIC = 2% MIC","fr = 0.5",0.5,2,2.1146870296892,"Less likely treatable",-4.41669773664024,-4.49662426739898,-4.43460187627247,-4.41357335341693,-4.39428387368567,-4.36754255791711,-4.52497550943463,-4.35305270207719
