"Figure","Panel","Fixed_condition","X_axis_parameter","X_axis_value","Treatment_outcome","Mean_log10_expected_illness_risk","P2.5_log10_expected_illness_risk","P25_log10_expected_illness_risk","Median_log10_expected_illness_risk","P75_log10_expected_illness_risk","P97.5_log10_expected_illness_risk","Minimum_log10_expected_illness_risk","Maximum_log10_expected_illness_risk"
"Reference conditions","A","Resistant fraction = 0","pMIC (% MIC)",0,"More likely treatable",-3.87278025636024,-3.87278025636024,-3.87278025636024,-3.87278025636024,-3.87278025636024,-3.87278025636024,-3.87278025636024,-3.87278025636024
"Reference conditions","A","Resistant fraction = 0","pMIC (% MIC)",1,"More likely treatable",-4.15775595667259,-4.45651951863366,-4.18431441310394,-4.13274143553228,-4.09234442069534,-4.04458757453273,-5.40667924070163,-4.0215071276012
"Reference conditions","A","Resistant fraction = 0","pMIC (% MIC)",2,"More likely treatable",-4.45280665895581,-5.03564460096245,-4.50564590180715,-4.40434400536322,-4.32520175908372,-4.23055117170117,-6.80692549489012,-4.18474115392302
"Reference conditions","A","Resistant fraction = 0","pMIC (% MIC)",3,"More likely treatable",-4.74202044984844,-5.59510944456051,-4.82078527362114,-4.67251422560858,-4.55512990029982,-4.41443888762716,-8.07759508702084,-4.34631162104659
"Reference conditions","A","Resistant fraction = 0","pMIC (% MIC)",4,"More likely treatable",-5.02558367541216,-6.13545887339345,-5.13032886191408,-4.93566629976429,-4.78165250511626,-4.59699579585,-9.23607995610705,-4.5063390817187
"Reference conditions","A","Resistant fraction = 0","pMIC (% MIC)",5,"More likely treatable",-5.30374174361321,-6.65879974590163,-5.43421785038402,-5.19483245241222,-5.00435384240007,-4.77812161397764,-10.2971342968265,-4.66492861099249
"Reference conditions","A","Resistant fraction = 0","pMIC (% MIC)",6,"More likely treatable",-5.57673263991346,-7.16494868118121,-5.73238873732801,-5.45046455386067,-5.22425391993915,-4.95727520236172,-11.2718518848335,-4.82139115972748
"Reference conditions","A","Resistant fraction = 0","pMIC (% MIC)",7,"More likely treatable",-5.84470852312935,-7.6547474570555,-6.02483109764174,-5.70194951807898,-5.44121665684016,-5.13478660160602,-12.1703583794758,-4.97686212761064
"Reference conditions","A","Resistant fraction = 0","pMIC (% MIC)",8,"More likely treatable",-6.10785573740067,-8.12920802648988,-6.31261428221512,-5.94939466540617,-5.65570321268752,-5.31095038991625,-13.0017711831155,-5.13070026438168
"Reference conditions","A","Resistant fraction = 0","pMIC (% MIC)",9,"More likely treatable",-6.3663495058855,-8.58936574005747,-6.5951748119379,-6.19312478995614,-5.86733622954774,-5.48508691203639,-13.7729433738441,-5.28320559175593
"Reference conditions","A","Resistant fraction = 0","pMIC (% MIC)",10,"More likely treatable",-6.62033273467223,-9.0349643489824,-6.87459384586164,-6.43400431565471,-6.0764451179581,-5.65693473168318,-14.490458059483,-5.43415493823246
"Reference conditions","B","pMIC = 0% MIC","Resistant fraction",0,"More likely treatable",-3.87278025636024,-3.87278025636024,-3.87278025636024,-3.87278025636024,-3.87278025636024,-3.87278025636024,-3.87278025636024,-3.87278025636024
"Reference conditions","B","pMIC = 0% MIC","Resistant fraction",0.05,"More likely treatable",-3.87276260157484,-3.87276260157484,-3.87276260157484,-3.87276260157484,-3.87276260157484,-3.87276260157484,-3.87276260157484,-3.87276260157484
"Reference conditions","B","pMIC = 0% MIC","Resistant fraction",0.1,"More likely treatable",-3.87274680580274,-3.87274680580274,-3.87274680580274,-3.87274680580274,-3.87274680580274,-3.87274680580274,-3.87274680580274,-3.87274680580274
"Reference conditions","B","pMIC = 0% MIC","Resistant fraction",0.15,"More likely treatable",-3.87273286883899,-3.87273286883899,-3.87273286883899,-3.87273286883899,-3.87273286883899,-3.87273286883899,-3.87273286883899,-3.87273286883899
"Reference conditions","B","pMIC = 0% MIC","Resistant fraction",0.2,"More likely treatable",-3.87272079050271,-3.87272079050271,-3.87272079050271,-3.87272079050271,-3.87272079050271,-3.87272079050271,-3.87272079050271,-3.87272079050271
"Reference conditions","B","pMIC = 0% MIC","Resistant fraction",0.25,"More likely treatable",-3.8727105706372,-3.8727105706372,-3.8727105706372,-3.8727105706372,-3.8727105706372,-3.8727105706372,-3.8727105706372,-3.8727105706372
"Reference conditions","B","pMIC = 0% MIC","Resistant fraction",0.3,"More likely treatable",-3.87270220910985,-3.87270220910985,-3.87270220910985,-3.87270220910985,-3.87270220910985,-3.87270220910985,-3.87270220910985,-3.87270220910985
"Reference conditions","B","pMIC = 0% MIC","Resistant fraction",0.35,"More likely treatable",-3.87269570581217,-3.87269570581217,-3.87269570581217,-3.87269570581217,-3.87269570581217,-3.87269570581217,-3.87269570581217,-3.87269570581217
"Reference conditions","B","pMIC = 0% MIC","Resistant fraction",0.4,"More likely treatable",-3.87269106065981,-3.87269106065981,-3.87269106065981,-3.87269106065981,-3.87269106065981,-3.87269106065981,-3.87269106065981,-3.87269106065981
"Reference conditions","B","pMIC = 0% MIC","Resistant fraction",0.45,"More likely treatable",-3.8726882735925,-3.8726882735925,-3.8726882735925,-3.8726882735925,-3.8726882735925,-3.8726882735925,-3.8726882735925,-3.8726882735925
"Reference conditions","B","pMIC = 0% MIC","Resistant fraction",0.5,"Less likely treatable",-3.87268734457407,-3.87268734457407,-3.87268734457407,-3.87268734457407,-3.87268734457407,-3.87268734457407,-3.87268734457407,-3.87268734457407
"Combined conditions","A","Resistant fraction = 0.2","pMIC (% MIC)",0,"More likely treatable",-3.87272079050271,-3.87272079050271,-3.87272079050271,-3.87272079050271,-3.87272079050271,-3.87272079050271,-3.87272079050271,-3.87272079050271
"Combined conditions","A","Resistant fraction = 0.2","pMIC (% MIC)",1,"More likely treatable",-4.07961686101862,-4.2613539814223,-4.10153281827061,-4.06675628506803,-4.0385934239749,-4.00429743085735,-4.52349104264252,-3.98734734477596
"Combined conditions","A","Resistant fraction = 0.2","pMIC (% MIC)",2,"More likely treatable",-4.24579266289338,-4.46607392422163,-4.28574142314013,-4.23394838842369,-4.18940267505381,-4.13154613829984,-4.56949657184274,-4.1018149257313
"Combined conditions","A","Resistant fraction = 0.2","pMIC (% MIC)",3,"Less likely treatable",-4.36299711606086,-4.53978329074145,-4.4099681509656,-4.35827424688781,-4.30889682622351,-4.23937409547873,-4.57140387357519,-4.20163085900637
"Combined conditions","A","Resistant fraction = 0.2","pMIC (% MIC)",4,"Less likely treatable",-4.44095496683445,-4.56212633908711,-4.48482539198911,-4.44251322414247,-4.3974307383614,-4.32739578112378,-4.57150466886212,-4.28607555103029
"Combined conditions","A","Resistant fraction = 0.2","pMIC (% MIC)",5,"Less likely treatable",-4.49070254643085,-4.5686774720549,-4.52629317398487,-4.49580950136556,-4.45915437115858,-4.39626144887702,-4.57151153611652,-4.35531533366003
"Combined conditions","A","Resistant fraction = 0.2","pMIC (% MIC)",6,"Less likely treatable",-4.52168287085018,-4.57062622468087,-4.54816526970182,-4.52787301049648,-4.50038387496387,-4.44796456522001,-4.57151212029744,-4.41015640514984
"Combined conditions","A","Resistant fraction = 0.2","pMIC (% MIC)",7,"Less likely treatable",-4.54073941192326,-4.5712251245745,-4.55944886136369,-4.54651813070285,-4.52698001631537,-4.48562875905009,-4.5715121808092,-4.45273258385527
"Combined conditions","A","Resistant fraction = 0.2","pMIC (% MIC)",8,"Less likely treatable",-4.55241720260132,-4.57141588379909,-4.56525188325105,-4.557197804792,-4.5437974927777,-4.51242222895788,-4.57151218826881,-4.48489271674747
"Combined conditions","A","Resistant fraction = 0.2","pMIC (% MIC)",9,"Less likely treatable",-4.55958410831104,-4.57147880463399,-4.5682347927547,-4.56328782494045,-4.55427917061488,-4.53106611437018,-4.57151218934033,-4.50879284061744
"Combined conditions","A","Resistant fraction = 0.2","pMIC (% MIC)",10,"Less likely treatable",-4.56400341834717,-4.57150022314891,-4.56978680848963,-4.56677012383578,-4.56078410645786,-4.54387360231852,-4.57151218951695,-4.52628706791462
"Combined conditions","B","pMIC = 2% MIC","Resistant fraction",0,"More likely treatable",-4.45280665895581,-5.03564460096245,-4.50564590180715,-4.40434400536322,-4.32520175908372,-4.23055117170117,-6.80692549489012,-4.18474115392302
"Combined conditions","B","pMIC = 2% MIC","Resistant fraction",0.05,"More likely treatable",-4.383715933093,-4.81083887607534,-4.43938522445546,-4.35507584958769,-4.28706398270479,-4.20360084973036,-5.16403578077376,-4.16247474552736
"Combined conditions","B","pMIC = 2% MIC","Resistant fraction",0.1,"More likely treatable",-4.3313016119744,-4.66347037788839,-4.38191282346286,-4.31083531091565,-4.25200968523611,-4.17822828149381,-4.86799041272063,-4.1412969045644
"Combined conditions","B","pMIC = 2% MIC","Resistant fraction",0.15,"More likely treatable",-4.28604653342876,-4.55364815324928,-4.33116859929366,-4.27069095575086,-4.21957756540191,-4.15425904637709,-4.69358334913344,-4.1211062473472
"Combined conditions","B","pMIC = 2% MIC","Resistant fraction",0.2,"More likely treatable",-4.24579266289338,-4.46607392422163,-4.28574142314013,-4.23394838842369,-4.18940267505381,-4.13154613829984,-4.56949657184274,-4.1018149257313
"Combined conditions","B","pMIC = 2% MIC","Resistant fraction",0.25,"Less likely treatable",-4.20937920142612,-4.39323514309173,-4.24462227257673,-4.20007607222441,-4.16119132301119,-4.10996450543534,-4.47310446818814,-4.08334631995355
"Combined conditions","B","pMIC = 2% MIC","Resistant fraction",0.3,"Less likely treatable",-4.17605669110107,-4.33088041632994,-4.2070646218975,-4.16865807375266,-4.13470365245691,-4.08940688512871,-4.3942737832291,-4.06563320302013
"Combined conditions","B","pMIC = 2% MIC","Resistant fraction",0.35,"Less likely treatable",-4.14529659140506,-4.27636841017613,-4.17250061241255,-4.13936279386493,-4.10974123784315,-4.06978058198052,-4.32758180751723,-4.04861626551878
"Combined conditions","B","pMIC = 2% MIC","Resistant fraction",0.4,"Less likely treatable",-4.11670570922578,-4.22794522627863,-4.14048822680041,-4.11192160456849,-4.08613806008518,-4.05100494387097,-4.26978477968592,-4.03224291913095
"Combined conditions","B","pMIC = 2% MIC","Resistant fraction",0.45,"Less likely treatable",-4.08998065639542,-4.18438659113834,-4.11067665018891,-4.08611384939643,-4.06375381266233,-4.03300936200544,-4.21878722013901,-4.01646631795328
"Combined conditions","B","pMIC = 2% MIC","Resistant fraction",0.5,"Less likely treatable",-4.06488093650742,-4.14480398086968,-4.08278278603189,-4.06175605998672,-4.04246885154792,-4.01573166961508,-4.17315670860082,-4.00124455171519
