"Component","Parameter","Condition","Conditioning_quantile","Conditioning_value","Median_KS","P2.5_outer_KS","P97.5_outer_KS","Basis"
"Exposure variability","C_retail",1,0.0333333333333333,109.166666666667,0.41,0.39,0.43,"Median and 95% range across paired PD outer draws"
"Exposure variability","C_retail",2,0.1,177.5,0.32,0.31,0.32,"Median and 95% range across paired PD outer draws"
"Exposure variability","C_retail",3,0.166666666666667,245.833333333333,0.19,0.17,0.19525,"Median and 95% range across paired PD outer draws"
"Exposure variability","C_retail",4,0.233333333333333,314.166666666667,0.17,0.16,0.17,"Median and 95% range across paired PD outer draws"
"Exposure variability","C_retail",5,0.3,382.5,0.18,0.17,0.19,"Median and 95% range across paired PD outer draws"
"Exposure variability","C_retail",6,0.366666666666667,450.833333333333,0.09,0.08,0.09,"Median and 95% range across paired PD outer draws"
"Exposure variability","C_retail",7,0.433333333333333,519.166666666667,0.09,0.08,0.12,"Median and 95% range across paired PD outer draws"
"Exposure variability","C_retail",8,0.5,587.5,0.09,0.07,0.12,"Median and 95% range across paired PD outer draws"
"Exposure variability","C_retail",9,0.566666666666667,655.833333333333,0.12,0.11,0.13,"Median and 95% range across paired PD outer draws"
"Exposure variability","C_retail",10,0.633333333333333,724.166666666667,0.19,0.17,0.19,"Median and 95% range across paired PD outer draws"
"Exposure variability","C_retail",11,0.7,792.5,0.14,0.13,0.16,"Median and 95% range across paired PD outer draws"
"Exposure variability","C_retail",12,0.766666666666667,860.833333333333,0.19,0.18,0.21,"Median and 95% range across paired PD outer draws"
"Exposure variability","C_retail",13,0.833333333333333,929.166666666667,0.18,0.17,0.2,"Median and 95% range across paired PD outer draws"
"Exposure variability","C_retail",14,0.9,997.5,0.24,0.23,0.25,"Median and 95% range across paired PD outer draws"
"Exposure variability","C_retail",15,0.966666666666667,1065.83333333333,0.16,0.12,0.18,"Median and 95% range across paired PD outer draws"
"Exposure variability","M",1,0.0333333333333333,0.853744508065117,0.81,0.78,0.83,"Median and 95% range across paired PD outer draws"
"Exposure variability","M",2,0.1,3.0740137390802,0.62,0.61,0.63,"Median and 95% range across paired PD outer draws"
"Exposure variability","M",3,0.166666666666667,5.68367188046509,0.41,0.41,0.42,"Median and 95% range across paired PD outer draws"
"Exposure variability","M",4,0.233333333333333,8.64533662489473,0.42,0.37,0.44,"Median and 95% range across paired PD outer draws"
"Exposure variability","M",5,0.3,11.9787068082537,0.28,0.28,0.31,"Median and 95% range across paired PD outer draws"
"Exposure variability","M",6,0.366666666666667,15.7318261486431,0.2,0.2,0.22,"Median and 95% range across paired PD outer draws"
"Exposure variability","M",7,0.433333333333333,19.9799347642225,0.2,0.19,0.2,"Median and 95% range across paired PD outer draws"
"Exposure variability","M",8,0.5,24.8333580857273,0.18,0.17,0.19,"Median and 95% range across paired PD outer draws"
"Exposure variability","M",9,0.566666666666667,30.4546658684169,0.23,0.22,0.25,"Median and 95% range across paired PD outer draws"
"Exposure variability","M",10,0.633333333333333,37.0920025558371,0.2,0.19,0.23,"Median and 95% range across paired PD outer draws"
"Exposure variability","M",11,0.7,45.1472454417837,0.23,0.18,0.23,"Median and 95% range across paired PD outer draws"
"Exposure variability","M",12,0.766666666666667,55.3319411729488,0.33,0.3,0.36,"Median and 95% range across paired PD outer draws"
"Exposure variability","M",13,0.833333333333333,69.093115720633,0.35,0.34,0.37,"Median and 95% range across paired PD outer draws"
"Exposure variability","M",14,0.9,90.1806231872105,0.42,0.42,0.46,"Median and 95% range across paired PD outer draws"
"Exposure variability","M",15,0.966666666666667,136.03417941579,0.48,0.44,0.48,"Median and 95% range across paired PD outer draws"
"Exposure variability","F_pathogenic",1,0.0333333333333333,0.00251666666666667,0.41,0.4,0.43,"Median and 95% range across paired PD outer draws"
"Exposure variability","F_pathogenic",2,0.1,0.00395,0.25,0.25,0.27,"Median and 95% range across paired PD outer draws"
"Exposure variability","F_pathogenic",3,0.166666666666667,0.00538333333333333,0.27,0.27,0.28,"Median and 95% range across paired PD outer draws"
"Exposure variability","F_pathogenic",4,0.233333333333333,0.00681666666666667,0.18,0.16,0.19,"Median and 95% range across paired PD outer draws"
"Exposure variability","F_pathogenic",5,0.3,0.00825,0.14,0.13,0.15,"Median and 95% range across paired PD outer draws"
"Exposure variability","F_pathogenic",6,0.366666666666667,0.00968333333333333,0.1,0.09,0.1,"Median and 95% range across paired PD outer draws"
"Exposure variability","F_pathogenic",7,0.433333333333333,0.0111166666666667,0.09,0.08,0.1,"Median and 95% range across paired PD outer draws"
"Exposure variability","F_pathogenic",8,0.5,0.01255,0.11,0.1,0.12,"Median and 95% range across paired PD outer draws"
"Exposure variability","F_pathogenic",9,0.566666666666667,0.0139833333333333,0.18,0.16,0.20525,"Median and 95% range across paired PD outer draws"
"Exposure variability","F_pathogenic",10,0.633333333333333,0.0154166666666667,0.16,0.15,0.16,"Median and 95% range across paired PD outer draws"
"Exposure variability","F_pathogenic",11,0.7,0.01685,0.18,0.17,0.19,"Median and 95% range across paired PD outer draws"
"Exposure variability","F_pathogenic",12,0.766666666666667,0.0182833333333333,0.24,0.23,0.25,"Median and 95% range across paired PD outer draws"
"Exposure variability","F_pathogenic",13,0.833333333333333,0.0197166666666667,0.15,0.14,0.16,"Median and 95% range across paired PD outer draws"
"Exposure variability","F_pathogenic",14,0.9,0.02115,0.2,0.19,0.21,"Median and 95% range across paired PD outer draws"
"Exposure variability","F_pathogenic",15,0.966666666666667,0.0225833333333333,0.27,0.23,0.28,"Median and 95% range across paired PD outer draws"
"Scenario inputs","f_r",1,0.0333333333333333,0.0166666666666667,0.41,0.32,0.57,"Median and 95% range across paired PD outer draws"
"Scenario inputs","f_r",2,0.1,0.05,0.26,0.2,0.33,"Median and 95% range across paired PD outer draws"
"Scenario inputs","f_r",3,0.166666666666667,0.0833333333333333,0.13,0.1,0.16,"Median and 95% range across paired PD outer draws"
"Scenario inputs","f_r",4,0.233333333333333,0.116666666666667,0.21,0.16,0.21,"Median and 95% range across paired PD outer draws"
"Scenario inputs","f_r",5,0.3,0.15,0.1,0.08,0.11,"Median and 95% range across paired PD outer draws"
"Scenario inputs","f_r",6,0.366666666666667,0.183333333333333,0.1,0.09,0.11,"Median and 95% range across paired PD outer draws"
"Scenario inputs","f_r",7,0.433333333333333,0.216666666666667,0.1,0.09,0.12,"Median and 95% range across paired PD outer draws"
"Scenario inputs","f_r",8,0.5,0.25,0.11,0.08,0.12,"Median and 95% range across paired PD outer draws"
"Scenario inputs","f_r",9,0.566666666666667,0.283333333333333,0.09,0.08,0.1,"Median and 95% range across paired PD outer draws"
"Scenario inputs","f_r",10,0.633333333333333,0.316666666666667,0.16,0.16,0.17,"Median and 95% range across paired PD outer draws"
"Scenario inputs","f_r",11,0.7,0.35,0.13,0.13,0.15,"Median and 95% range across paired PD outer draws"
"Scenario inputs","f_r",12,0.766666666666667,0.383333333333333,0.16,0.15,0.17,"Median and 95% range across paired PD outer draws"
"Scenario inputs","f_r",13,0.833333333333333,0.416666666666667,0.18,0.15,0.2,"Median and 95% range across paired PD outer draws"
"Scenario inputs","f_r",14,0.9,0.45,0.21,0.18,0.23,"Median and 95% range across paired PD outer draws"
"Scenario inputs","f_r",15,0.966666666666667,0.483333333333333,0.21,0.19,0.23,"Median and 95% range across paired PD outer draws"
"Scenario inputs","pMIC",1,0.0333333333333333,0.333333333333333,0.38,0.36,0.4,"Median and 95% range across paired PD outer draws"
"Scenario inputs","pMIC",2,0.1,1,0.24,0.2,0.24,"Median and 95% range across paired PD outer draws"
"Scenario inputs","pMIC",3,0.166666666666667,1.66666666666667,0.2,0.09,0.21,"Median and 95% range across paired PD outer draws"
"Scenario inputs","pMIC",4,0.233333333333333,2.33333333333333,0.09,0.08,0.14,"Median and 95% range across paired PD outer draws"
"Scenario inputs","pMIC",5,0.3,3,0.14,0.12,0.19,"Median and 95% range across paired PD outer draws"
"Scenario inputs","pMIC",6,0.366666666666667,3.66666666666667,0.16,0.12,0.18,"Median and 95% range across paired PD outer draws"
"Scenario inputs","pMIC",7,0.433333333333333,4.33333333333333,0.13,0.09,0.14,"Median and 95% range across paired PD outer draws"
"Scenario inputs","pMIC",8,0.5,5,0.1,0.08,0.1,"Median and 95% range across paired PD outer draws"
"Scenario inputs","pMIC",9,0.566666666666667,5.66666666666667,0.1,0.09,0.12,"Median and 95% range across paired PD outer draws"
"Scenario inputs","pMIC",10,0.633333333333333,6.33333333333333,0.14,0.11,0.16,"Median and 95% range across paired PD outer draws"
"Scenario inputs","pMIC",11,0.7,7,0.2,0.18,0.22,"Median and 95% range across paired PD outer draws"
"Scenario inputs","pMIC",12,0.766666666666667,7.66666666666667,0.13,0.1,0.15,"Median and 95% range across paired PD outer draws"
"Scenario inputs","pMIC",13,0.833333333333333,8.33333333333333,0.19,0.15475,0.23,"Median and 95% range across paired PD outer draws"
"Scenario inputs","pMIC",14,0.9,9,0.18,0.15,0.19,"Median and 95% range across paired PD outer draws"
"Scenario inputs","pMIC",15,0.966666666666667,9.66666666666667,0.19,0.15,0.22,"Median and 95% range across paired PD outer draws"
"Pharmacodynamic uncertainty","Emax",1,0.0333333333333333,70.9993617735452,0.25,NA,NA,"KS distance after averaging over the inner reference sample"
"Pharmacodynamic uncertainty","Emax",2,0.1,74.2577802729442,0.18,NA,NA,"KS distance after averaging over the inner reference sample"
"Pharmacodynamic uncertainty","Emax",3,0.166666666666667,76.071400045922,0.09,NA,NA,"KS distance after averaging over the inner reference sample"
"Pharmacodynamic uncertainty","Emax",4,0.233333333333333,77.4461078229058,0.17,NA,NA,"KS distance after averaging over the inner reference sample"
"Pharmacodynamic uncertainty","Emax",5,0.3,78.6049983695165,0.15,NA,NA,"KS distance after averaging over the inner reference sample"
"Pharmacodynamic uncertainty","Emax",6,0.366666666666667,79.6475108304209,0.18,NA,NA,"KS distance after averaging over the inner reference sample"
"Pharmacodynamic uncertainty","Emax",7,0.433333333333333,80.6221550202333,0.07,NA,NA,"KS distance after averaging over the inner reference sample"
"Pharmacodynamic uncertainty","Emax",8,0.5,81.5973342235601,0.07,NA,NA,"KS distance after averaging over the inner reference sample"
"Pharmacodynamic uncertainty","Emax",9,0.566666666666667,82.5543495103323,0.08,NA,NA,"KS distance after averaging over the inner reference sample"
"Pharmacodynamic uncertainty","Emax",10,0.633333333333333,83.5688496073511,0.1,NA,NA,"KS distance after averaging over the inner reference sample"
"Pharmacodynamic uncertainty","Emax",11,0.7,84.6185673419789,0.14,NA,NA,"KS distance after averaging over the inner reference sample"
"Pharmacodynamic uncertainty","Emax",12,0.766666666666667,85.8038847553074,0.13,NA,NA,"KS distance after averaging over the inner reference sample"
"Pharmacodynamic uncertainty","Emax",13,0.833333333333333,87.1836991400777,0.13,NA,NA,"KS distance after averaging over the inner reference sample"
"Pharmacodynamic uncertainty","Emax",14,0.9,88.9292086009373,0.15,NA,NA,"KS distance after averaging over the inner reference sample"
"Pharmacodynamic uncertainty","Emax",15,0.966666666666667,92.1344984696149,0.2,NA,NA,"KS distance after averaging over the inner reference sample"
"Pharmacodynamic uncertainty","EC50",1,0.0333333333333333,0.0834790265609374,0.960000000000001,NA,NA,"KS distance after averaging over the inner reference sample"
"Pharmacodynamic uncertainty","EC50",2,0.1,0.108518037503745,0.81,NA,NA,"KS distance after averaging over the inner reference sample"
"Pharmacodynamic uncertainty","EC50",3,0.166666666666667,0.122629936110562,0.68,NA,NA,"KS distance after averaging over the inner reference sample"
"Pharmacodynamic uncertainty","EC50",4,0.233333333333333,0.133505317763303,0.58,NA,NA,"KS distance after averaging over the inner reference sample"
"Pharmacodynamic uncertainty","EC50",5,0.3,0.142891824318002,0.53,NA,NA,"KS distance after averaging over the inner reference sample"
"Pharmacodynamic uncertainty","EC50",6,0.366666666666667,0.15143319717833,0.39,NA,NA,"KS distance after averaging over the inner reference sample"
"Pharmacodynamic uncertainty","EC50",7,0.433333333333333,0.159209663094003,0.34,NA,NA,"KS distance after averaging over the inner reference sample"
"Pharmacodynamic uncertainty","EC50",8,0.5,0.16688442480856,0.32,NA,NA,"KS distance after averaging over the inner reference sample"
"Pharmacodynamic uncertainty","EC50",9,0.566666666666667,0.174591181838842,0.37,NA,NA,"KS distance after averaging over the inner reference sample"
"Pharmacodynamic uncertainty","EC50",10,0.633333333333333,0.182561853854529,0.43,NA,NA,"KS distance after averaging over the inner reference sample"
"Pharmacodynamic uncertainty","EC50",11,0.7,0.191041035929099,0.5,NA,NA,"KS distance after averaging over the inner reference sample"
"Pharmacodynamic uncertainty","EC50",12,0.766666666666667,0.200298813400019,0.55,NA,NA,"KS distance after averaging over the inner reference sample"
"Pharmacodynamic uncertainty","EC50",13,0.833333333333333,0.211146169485236,0.65,NA,NA,"KS distance after averaging over the inner reference sample"
"Pharmacodynamic uncertainty","EC50",14,0.9,0.226039100975499,0.75,NA,NA,"KS distance after averaging over the inner reference sample"
"Pharmacodynamic uncertainty","EC50",15,0.966666666666667,0.251228197058291,0.85,NA,NA,"KS distance after averaging over the inner reference sample"
