ADM_RNO,SUPPID,shrimp_day_g,shrimp_events in a day,WTS_P,age,sex
6,1,2.57119,1,42,52,2
17,1,20,1,458,37,1
52,1,5.738537,1,186,55,2
146,1,38.810275,1,124,37,1
215,1,7.422057,1,4279,51,2
248,1,58.482039,1,862,2,1
353,1,24.390541,1,2545,37,1
392,1,78.353822,1,1299,53,1
431,1,17.336716,1,1349,20,2
453,1,123.986431,1,298,28,1
487,1,9.522184,1,291,51,1
496,1,20,1,504,4,2
516,1,32.884809,1,1200,57,1
531,1,138.258347,1,183,52,1
535,1,20,1,2009,70,2
538,1,1.285595,1,3227,41,2
569,1,31.735031,1,3370,49,1
570,1,4.782114,1,546,9,2
621,1,5.950318,1,561,2,1
713,1,7.713571,1,22,41,2
790,1,2.047195,1,1598,29,1
798,1,76.552342,1,16680,18,2
814,1,40.552082,1,2080,65,2
849,1,7.997531,1,4167,44,1
868,1,16.842036,1,301,29,2
875,1,37.193162,1,11915,43,1
980,1,11.715798,1,454,27,2
1043,1,200.050627,1,3503,72,2
1082,1,22.637858,1,1804,2,1
1122,1,34.667571,1,2123,13,2
1129,1,98.243397,1,530,31,2
1156,1,181.689719,1,134,15,1
1196,1,18,1,336,37,1
1239,1,102.016361,2,215,27,1
1322,1,20,1,98,54,1
1381,1,40,1,231,8,2
1417,1,38.308757,1,118,67,1
1488,1,22.912403,1,408,24,2
1584,1,9.933172,1,518,57,2
1593,1,5.142381,1,976,15,1
1613,1,14.141547,1,6651,47,1
1662,1,55.313894,1,827,9,2
1667,1,112.626732,1,917,74,1
1672,1,7.651382,1,2599,14,1
1676,1,71.998985,1,1390,68,1
1707,1,22.691042,1,2869,56,1
1752,1,2.578062,1,314,78,2
1804,1,19.128455,1,379,37,2
1813,1,7.107429,1,4600,61,2
1857,1,12.793297,1,1275,41,2
1875,1,53.511756,1,269,63,1
1886,1,13.24423,1,724,31,1
1914,1,8.277644,1,373,23,1
1956,1,19.128455,1,883,50,1
1968,1,48,1,2369,73,2
2043,1,5.384411,1,2897,33,2
2045,1,74.798107,1,530,12,2
2048,1,24.463011,1,96,55,1
2073,1,20.584828,2,9805,45,1
2091,1,19.128455,1,1092,72,1
2147,1,31.735031,1,1549,82,2
2215,1,9.564228,1,4691,3,1
2235,1,6.427976,1,152,29,1
2237,1,19.128455,1,2524,80,1
2243,1,15.465758,1,541,34,2
2272,1,23.910569,1,1117,76,2
2283,1,9.064052,1,1518,9,1
2342,1,16.23226,1,324,3,2
2369,1,148.11333,2,231,1,1
2381,1,14.346341,1,173,47,1
2446,1,15.621064,1,2017,28,2
2456,1,10.284762,1,1880,18,1
2468,1,10.452101,1,685,24,2
2476,1,55.248265,1,1000,41,1
2489,1,4.125644,1,2373,6,2
2515,1,17.21561,1,582,34,2
2577,1,38.25691,1,1743,19,2
2608,1,107.862977,1,452,39,1
2644,1,35.067974,1,3716,19,1
2669,1,36,1,3307,81,1
2688,1,47.334147,1,161,42,1
2690,1,92.779615,1,2489,32,2
2806,1,70.135947,1,2997,39,2
2851,1,9.6,1,353,28,2
2882,1,48.05918,1,1440,12,1
2910,1,26.743157,1,6376,23,1
2936,1,0.762856,1,1795,53,1
2965,1,26.779837,1,398,32,1
3029,1,8.999167,1,385,57,1
3145,1,17.536915,1,6794,9,2
3163,1,27.878989,1,1267,13,1
3173,1,323.462845,2,5535,33,1
3177,1,158.061459,1,893,44,2
3190,1,57.385366,1,1210,51,2
3214,1,34.431219,1,365,28,2
3229,1,32.69843,1,1788,67,2
3340,1,9.99373,1,2426,44,1
3346,1,100.588379,1,532,15,1
3354,1,2.776967,1,7047,37,2
3438,1,127.63595,1,293,35,1
3444,1,15.127361,1,273,71,1
3454,1,38.25691,1,291,14,2
3555,1,21.937939,1,4300,38,1
3584,1,11.570357,1,876,55,1
3663,1,8.668358,1,246,33,2
3698,1,69.332211,1,16,10,2
3705,1,19.128455,1,4458,54,1
3738,1,46.757298,1,1259,38,1
3791,1,23.378649,1,767,37,1
3808,1,22.954146,1,2648,47,2
3860,1,46.0073,1,109,33,2
3865,1,81.161298,1,1751,16,1
3897,1,2.57119,1,1139,32,1
3915,1,44,1,1110,59,1
3965,1,28.692683,1,2656,49,1
3973,1,9.794342,1,5320,68,1
3994,1,76.002615,1,1113,63,1
3996,1,45.908293,2,1430,33,2
4007,1,112.885008,1,929,19,1
4019,1,28.692683,1,35,75,2
4038,1,53.068744,1,993,57,2
4071,1,32.539941,1,287,28,2
4094,1,110.51209,1,1349,69,2
4096,1,60.509445,1,825,59,1
4180,1,12.894791,1,2360,54,1
4194,1,32.564548,1,264,36,2
4214,1,190.023401,1,2182,6,1
4276,1,145.861595,1,464,65,1
4278,1,18.128104,2,6263,29,2
4292,1,56.059197,1,76,33,2
4403,1,141.420011,1,1550,46,2
4435,1,0.730072,1,1574,67,2
4461,1,29.751591,1,1513,65,1
4492,1,15.538558,1,2208,48,2
4493,1,30.416807,1,1197,58,2
4512,1,290.534723,1,863,72,1
4540,1,9.933172,1,616,24,2
4553,1,9.085711,1,405,31,2
4556,1,54,1,147,65,1
4569,1,40.139268,1,884,43,2
4600,1,24.711771,1,151,76,2
4638,1,6.440557,1,32886,49,2
4644,1,6.622115,1,611,51,1
4728,1,14.878372,1,5308,37,2
4776,1,50.96462,1,2199,56,2
4802,1,9.064052,1,1037,65,2
4806,1,63.662387,1,1154,51,2
4820,1,45.507191,1,215,4,2
4851,1,153.257571,1,2250,51,1
4855,1,91.712934,1,264,36,1
4887,1,36.534909,1,625,6,2
4913,1,12.793297,1,714,49,2
4940,1,88.596212,1,366,36,1
4949,1,4.782114,1,56,76,1
4996,1,44.216555,1,346,51,2
5000,1,11.863207,1,990,12,2
5012,1,1.285595,1,422,15,2
5042,1,32.965332,1,1668,58,1
5054,1,14.346341,1,497,18,2
5087,1,9.352094,1,3380,36,1
5102,1,7.418588,1,2416,38,1
5123,1,16.683281,1,452,2,2
5124,1,25.821219,2,4436,68,1
5168,1,43.95719,1,424,10,1
5184,1,22.954146,2,764,45,2
5185,1,112.954146,2,1288,59,1
5212,1,85.212463,1,733,72,2
5262,1,18.138575,1,914,9,1
5327,1,9.794342,1,98,30,2
5332,1,17.272094,1,1886,66,2
5335,1,19.475589,2,2787,13,1
5346,1,79.178315,1,1275,7,2
5356,1,25.659069,1,283,27,1
5370,1,144.994182,1,289,44,2
5376,1,0.319947,1,573,32,1
5396,1,31,2,49,28,2
5399,1,73.216101,1,20,28,1
5406,1,49.845464,1,152,34,2
5415,1,108.194218,2,695,33,2
5450,1,41.383469,1,423,70,1
5475,1,26.365667,1,1085,64,1
5572,1,38.249593,1,961,44,2
5575,1,66.519331,1,28,27,2
5587,1,36.609342,1,535,61,1
5634,1,119.364707,1,3409,19,2
5672,1,9.933172,1,1853,24,2
5683,1,42,1,284,15,2
5696,1,38.25691,1,3626,14,1
5728,1,50,1,1611,37,2
5731,1,55.833431,1,1799,61,1
5739,1,10.009878,1,548,41,2
5796,1,29.970541,1,4694,58,1
5819,1,2.57119,1,3349,17,2
5820,1,6.768712,1,1546,48,2
5841,1,10.284762,1,737,25,2
5873,1,9.794342,1,868,76,2
5998,1,57.718871,1,831,11,1
6065,1,34.431219,1,2704,53,2
6096,1,30,1,1048,42,2
6168,1,39.00448,1,475,40,1
6211,1,6.162058,1,566,16,2
6241,1,16.499079,1,60,60,1
6265,1,4.334179,1,1016,17,2
6287,1,110.723515,1,4316,67,2
6289,1,10.69665,1,1998,8,2
6352,1,2.889453,1,10219,67,1
6367,1,57.355408,1,1273,48,2
6433,1,23.86568,1,897,35,1
6512,1,61.884659,1,812,23,1
6539,1,20.569523,1,512,27,2
6550,1,20,1,5296,63,2
6558,1,20.491862,1,584,53,1
6561,1,20,1,453,37,2
6634,1,82.053421,1,478,44,2
6642,1,5.449808,1,5050,46,2
6674,1,2.57119,1,680,14,2
6690,1,3.690437,1,226,9,2
6701,1,12.844897,1,1032,52,1
6712,1,10.915052,1,52,68,2
6764,1,33.126703,1,157,13,2
6773,1,107.420812,1,424,11,2
6780,1,120.689741,2,3491,38,1
6913,1,47.821138,1,2217,66,2
6920,1,7.471351,1,1265,54,1
6940,1,25,1,943,42,2
6984,1,10.284762,1,13898,20,2
7003,1,216.916682,2,2710,30,2
7008,1,38.25691,1,2226,86,2
7033,1,34.19665,1,1047,48,1
7060,1,97.170039,1,2548,58,1
7068,1,7.734186,1,79,14,2
7095,1,44.610119,1,155,52,1
7141,1,28.35,1,2413,82,2
7168,1,85,1,2754,35,1
7169,1,7.798246,1,12705,47,1
7291,1,41.606596,1,1227,62,1
7424,1,104.081684,1,614,26,2
7450,1,44.607979,1,1109,36,1
7545,1,30,1,532,10,1
7565,1,35.284819,1,252,11,1
7595,1,23.910569,1,218,28,1
7627,1,40.115638,1,153,52,1
7779,1,6.447395,1,2017,70,2
7790,1,9.794342,1,25,62,2
7817,1,113.3975,1,3800,73,2
7839,1,8.251288,1,5022,92,2
7854,1,180.658957,2,2824,74,2
7882,1,5.518429,1,7279,29,1
7883,1,138.664421,1,1731,18,1
7936,1,9.564228,1,249,2,1
7979,1,28.692683,1,710,34,1
7994,1,1.285595,1,199,32,2
8020,1,19.128455,1,722,80,1
8025,1,27.673252,1,1758,34,2
8029,1,9.794342,1,355,76,2
8124,1,14.054182,1,1649,45,2
8167,1,35,1,520,42,2
8172,1,6.883324,1,17122,50,2
8212,1,7.074095,1,135,68,2
8272,1,3.856786,1,1009,33,1
8297,1,51.173188,1,269,17,2
8329,1,139.989439,1,540,21,1
8421,1,37.818403,1,949,62,1
8493,1,2.441315,1,5330,66,1
8516,1,19.128455,1,546,58,2
8525,1,113.600741,1,517,15,1
8538,1,36.546651,1,482,26,2
8572,1,21.534003,1,5709,33,2
8591,1,38.25691,1,501,76,2
8623,1,48,2,317,73,1
8758,1,31.561951,1,30347,43,1
8793,1,5.233859,1,589,16,1
8798,1,0.309173,1,17547,32,1
8810,1,30,1,1689,22,2
8851,1,7.074095,1,53,43,2
8891,1,26.390574,2,998,1,1
8920,1,22.167193,1,400,68,1
8950,1,80.812532,1,4703,43,2
8983,1,38.820384,1,1171,4,2
9113,1,54.88774,1,515,25,2
9129,1,9.926274,1,4476,29,1
9147,1,7.713571,1,1455,31,1
9169,1,36.179877,1,6075,58,2
9174,1,14.21083,1,1587,37,1
9190,1,189.092014,1,1846,24,1
9203,1,45.20907,1,927,18,1
9244,1,25,1,85,71,1
9261,1,174.304507,1,11393,20,1
9289,1,18.133002,1,144,79,2
9303,1,2.712716,1,1508,60,1
9354,1,19.128455,1,6390,35,1
9411,1,41.026711,1,958,25,2
9443,1,15.127361,1,1003,12,2
9468,1,150.405677,1,746,37,2
9469,1,13.484827,1,1726,43,1
9530,1,38.44163,1,395,33,2
9670,1,9.161686,1,2289,3,1
9671,1,11.477073,1,357,77,2
9714,1,15.465758,1,888,21,2
9718,1,36.450758,2,1162,13,1
9849,1,49.258529,1,3161,31,2
9867,1,5.142381,1,154,23,2
9872,1,13.111731,1,1794,38,1
9889,1,210.015489,1,215,16,1
9913,1,75.968763,1,64,9,1
9916,1,60,1,2946,47,1
9949,1,475.226019,1,366,10,1
10043,1,56.442504,1,1798,61,2
10121,1,138.664421,1,896,38,2
10126,1,17.854046,1,1557,43,1
10135,1,45.908292,1,1131,51,1
10173,1,23.202559,1,1183,16,2
10185,1,137.308168,1,250,11,1
10193,1,39.867093,1,1607,75,1
10237,1,20,1,5960,55,2
10283,1,17.566012,1,858,16,2
10312,1,69.332211,1,1725,53,2
10327,1,45.908292,1,935,33,2
10330,1,6.915296,1,8435,42,1
10356,1,3.084451,1,270,3,1
10377,1,10.284762,1,368,52,1
10379,1,95.858654,1,575,17,2
10390,1,7.107429,1,1194,38,2
10418,1,24.753864,1,121,63,2
10452,1,63.98948,1,847,53,1
10467,1,72.500155,1,496,25,2
10472,1,19.837829,1,296,11,2
10476,1,34.667571,1,6234,24,1
10515,1,20.677167,1,603,28,1
10516,1,3.311057,1,684,18,2
10616,1,26.920362,1,1743,11,2
10624,1,138.670282,1,1201,40,2
10674,1,9.064052,1,2821,52,1
10701,1,11.726958,1,689,31,2
10706,1,68.862439,1,116,56,2
10789,1,25.80305,1,60,29,2
10858,1,168.330406,1,601,46,1
10908,1,5.142381,1,13888,41,2
10961,1,3.709346,1,1121,46,2
10973,1,86.078048,1,448,57,1
10991,1,34.666105,1,461,17,2
10994,1,11.477073,1,1961,54,2
11058,1,1.826497,1,405,71,1
11065,1,66.901014,1,729,67,1
11121,1,11.477073,1,3459,31,2
11132,1,3.311057,1,127,51,1
11151,1,52.493648,2,1727,26,1
11231,1,34.667571,1,415,15,2
11249,1,77.998475,1,62,23,1
11347,1,71.775844,1,370,10,1
11357,1,46.305027,1,8965,65,1
11372,1,58.446623,1,1041,74,1
11384,1,23.910569,1,1040,43,2
11405,1,25.506888,1,559,31,1
11506,1,68.73721,1,3133,55,2
11544,1,44.430253,1,356,50,2
11649,1,171.901831,1,1701,47,1
11654,1,55.353149,1,366,83,2
11655,1,11.706384,1,547,15,1
11657,1,5.524555,1,5231,29,2
11741,1,4.061586,1,468,73,1
11743,1,23.910569,1,36,12,1
11745,1,2.889453,1,3213,59,1
11809,1,19.253617,1,19109,40,1
11812,1,23.124505,1,322,40,1
11837,1,28.692683,1,75,60,2
11846,1,1.781633,1,492,29,1
11928,1,20,1,4651,52,2
11989,1,9.352094,1,933,16,2
11995,1,3.021351,1,213,71,1
12101,1,55.360197,1,2564,77,2
12139,1,7.810532,1,651,73,2
12147,1,91.649613,1,8801,38,1
12180,1,95.642276,1,1696,74,2
12188,1,2.57119,1,340,17,2
12200,1,103.635487,1,97,14,1
12222,1,86.029064,1,590,23,1
12286,1,39.973851,1,884,11,2
12325,1,45.382083,1,1892,69,1
12385,1,21.736555,1,1171,13,2
12393,1,9.794342,1,959,52,1
12421,1,31.118831,1,241,21,1
12510,1,30.254722,1,104,67,2
12535,1,58.090618,1,1922,54,1
12570,1,15,1,3218,52,1
12608,1,9.564228,1,229,1,1
12638,1,38.225391,1,668,29,1
12709,1,28.692683,1,1394,41,2
12730,1,60,1,39,38,2
12737,1,1.826497,1,527,42,2
12740,1,17.710056,1,2687,50,2
12760,1,18,1,1005,53,2
12790,1,39.238117,1,1289,36,1
12826,1,24,1,281,11,1
12831,1,59.702053,1,280,44,2
12847,1,171.978586,1,3599,30,2
12899,1,28.692683,1,2459,10,2
12915,1,22.691042,1,345,65,2
12924,1,58.406544,1,8172,78,2
13140,1,146.523967,1,487,32,2
13172,1,7.553678,1,78,1,2
13205,1,21.204277,1,2612,4,1
13278,1,80,1,186,33,1
13280,1,22.691042,1,7820,77,2
13290,1,24.374726,1,757,91,2
13295,1,75.636806,1,2730,8,1
13307,1,5,1,855,30,2
13325,1,200,1,213,48,1
13361,1,37.629329,1,88,37,1
13366,1,8.999167,1,607,17,2
13401,1,0.988919,1,10008,23,2
13431,1,36.250078,1,364,21,1
13456,1,100.656722,1,128,64,1
13464,1,40.495312,1,328,26,2
13495,1,41.71123,1,456,58,1
13528,1,0.660758,1,437,63,1
13570,1,34.667571,1,5138,48,1
13571,1,46.254253,1,227,51,2
13583,1,27.709438,1,511,28,2
13651,1,11.689325,1,200,10,1
13775,1,26.527928,1,4594,48,2
13778,1,9.69326,1,2795,68,2
13792,1,201.182798,1,103,25,1
13802,1,37.801983,1,275,14,2
13805,1,6.422448,1,457,2,1
13813,1,23.378649,1,1210,28,1
13824,1,12.855952,1,2536,22,2
13873,1,51.011725,1,1323,83,1
13877,1,9.429564,1,203,14,1
14080,1,9.794342,1,1273,18,2
14094,1,60,1,160,74,1
14110,1,3.825691,1,4146,27,1
14113,1,27.450751,1,9671,43,1
14118,1,39.614727,1,2072,82,2
14125,1,4.782114,1,69,55,2
14140,1,4.782114,1,347,5,2
14170,1,29.925708,1,2296,7,2
14198,1,85.132215,1,641,58,1
14203,1,129.025591,1,355,43,2
14244,1,22.954146,1,53,57,2
14283,1,216.9119,1,651,25,1
14308,1,50.268015,1,793,4,2
14358,1,36.250078,1,480,68,1
14388,1,12,1,3045,41,1
14396,1,23.071949,1,83,64,1
14401,1,5.778905,1,381,2,2
14463,1,24.647189,1,2696,15,1
14469,1,29.756743,1,488,81,1
14526,1,60.777014,2,3735,64,1
14529,1,144.994182,1,172,50,2
14534,1,45.96375,1,1087,26,2
14697,1,75.202839,1,3566,20,2
14707,1,12.996984,1,829,42,2
14740,1,124.134407,1,76,23,1
14741,1,15,1,362,39,1
14751,1,2.889453,1,6657,43,2
14768,1,1.285595,1,2770,16,2
14805,1,2.353051,1,538,2,1
14818,1,138.664421,1,4699,68,1
14823,1,63.46284,1,402,69,2
14865,1,76.628786,1,80,58,2
14875,1,145.898362,1,3863,20,1
14876,1,40,1,1409,80,1
14901,1,7.074095,1,34,17,1
14904,1,33.794342,2,5701,50,1
14954,1,9.794342,1,1658,80,1
14964,1,5.738537,1,105,60,2
15034,1,15,1,1605,53,1
15040,1,10.246914,1,668,17,1
15057,1,47.821138,1,654,44,1
15071,1,25,1,3417,25,2
15074,1,8.051108,1,170,64,1
15131,1,1.655529,1,5672,57,1
15150,1,12,1,1418,74,2
15162,1,28.879508,1,1402,30,1
15282,1,47.037964,1,1029,31,1
15285,1,192.997407,2,1634,20,1
15375,1,94.129776,1,398,32,2
15460,1,26.352207,1,2476,44,2
15553,1,34.431219,1,242,18,1
15691,1,66.519331,1,1230,57,1
15696,1,45.097662,1,4111,18,1
15747,1,108.745636,1,1077,68,1
15766,1,49.294378,1,1998,46,2
15826,1,47.821138,1,359,3,1
15847,1,17.21561,1,2843,74,2
15883,1,17.96859,1,328,67,2
15969,1,22.17436,1,933,52,2
15980,1,17.406316,1,863,74,2
15991,1,33.894491,1,754,73,2
15994,1,33.897426,1,12340,30,2
15998,1,69.332211,1,180,39,2
16029,1,9.794342,1,811,49,2
16086,1,1.285595,1,643,41,1
16141,1,28.692683,1,991,47,2
16250,1,40,1,3914,37,1
16318,1,8.668358,1,486,24,1
16320,1,45.414121,1,932,64,2
16330,1,119.026974,1,8031,47,1
16396,1,2.849966,1,398,13,1
16411,1,94.290883,1,2867,20,1
16415,1,49.096871,1,179,45,2
16476,1,20.736399,1,5016,44,1
16501,1,16.502576,1,569,15,1
16523,1,8.999167,1,4259,18,2
16684,1,8.668358,1,692,57,1
16687,1,59.532562,1,1227,27,2
16691,1,12.608896,1,20,79,1
16692,1,8.573827,1,4176,46,2
16698,1,65.479251,1,230,35,2
16773,1,40.236951,2,1368,14,1
16793,1,87.271334,1,826,37,1
16808,1,34.667571,1,569,40,2
16816,1,22.954146,1,4154,34,1
16827,1,120,1,960,72,1
16875,1,17.527221,1,733,42,2
16876,1,7.713571,1,82,20,2
16889,1,15.427143,1,339,16,1
16895,1,4.264432,1,1407,7,1
16915,1,99.298138,1,12056,40,2
16946,1,68.73721,1,312,52,2
16979,1,4.512475,1,2983,48,2
16998,1,17.763126,1,2185,64,1
17018,1,10.546779,1,2080,31,2
17032,1,34.667571,1,1726,29,1
17112,1,48.756422,1,1148,22,1
17132,1,5.142381,1,921,54,1
17139,1,38.25691,1,424,35,2
17141,1,9.794342,1,3601,8,1
17145,1,95.642276,1,1431,71,2
17167,1,5.002888,1,1608,61,2
17176,1,30.663838,1,1581,72,1
17198,1,45.382083,1,208,14,2
17336,1,39.485352,1,195,11,1
17349,1,227.584418,1,670,38,1
17352,1,11.842631,1,738,14,1
17395,1,211.762933,1,1510,47,2
17418,1,9.064052,1,971,54,2
17427,1,3.311057,1,408,48,2
17431,1,27.099861,1,879,88,1
17466,1,1.246953,1,477,56,1
17471,1,10,1,590,2,1
17500,1,16.855938,1,1040,63,1
17511,1,20,1,544,65,1
17566,1,38.25691,1,58,47,2
17581,1,8.999167,1,2402,14,1
17584,1,69.35345,1,1716,73,2
17711,1,53.689181,1,483,12,2
17719,1,8.394809,1,107,40,1
17720,1,13.587732,2,227,52,1
17754,1,13.147116,1,1492,52,2
17806,1,80.765992,1,341,21,2
17816,1,108.427735,1,277,71,1
17842,1,68.230917,1,407,15,1
17859,1,36.493389,1,803,45,2
17887,1,12,1,2446,34,2
17918,1,8.81126,1,428,52,2
17937,1,11.512793,1,1055,32,2
17938,1,19.128455,1,542,14,2
17972,1,7.713571,1,655,18,2
17999,1,22.67402,1,269,10,2
18008,1,3.326591,1,36,14,1
18087,1,2.57119,1,166,30,2
18099,1,4.635526,1,171,1,2
18210,1,4.832306,1,114,60,1
18259,1,5,1,1065,56,2
18289,1,18.485392,1,1049,35,2
18302,1,95.642276,1,874,14,1
18365,1,9.794342,1,20,16,2
18372,1,90.764167,1,491,77,1
18373,1,2.57119,1,1537,12,1
18391,1,71.731707,1,547,65,1
18396,1,2.105255,1,17,60,1
18402,1,29.794342,2,879,75,1
18445,1,16.284762,1,720,15,1
18582,1,1.473299,1,17434,52,2
18584,1,71.416184,1,15542,41,1
18620,1,1.63079,1,3753,73,2
18640,1,4.740921,1,1273,9,2
18643,1,5.738537,1,782,11,2
18651,1,208.369,1,1192,67,1
18665,1,1.285595,1,289,1,2
18677,1,45.908292,1,1407,37,2
18681,1,22.912403,1,162,45,2
18748,1,7.713571,1,3894,56,1
18750,1,123.964963,1,427,13,2
18755,1,18.961841,1,732,33,2
18779,1,15.621064,1,2849,29,1
18795,1,10.284762,1,41091,33,1
18803,1,1.077367,1,3425,18,2
18805,1,119.552845,1,474,46,2
18853,1,41.139047,2,587,45,2
18880,1,26.220348,1,931,66,2
18935,1,44.34872,1,1696,25,1
18946,1,24.563895,1,340,74,2
18982,1,5.348631,1,1021,30,1
19073,1,16.325257,1,1563,67,2
19104,1,29.534518,1,7214,61,1
19148,1,19.128455,1,890,18,2
19186,1,1.285595,1,660,33,2
19211,1,13.817217,1,1596,53,1
19260,1,19.794342,2,55,51,2
19354,1,15.302764,1,143,45,1
19404,1,46.757298,1,626,62,1
19523,1,31.12452,1,332,52,2
19577,1,50.614084,1,16007,53,1
19595,1,8.251288,1,249,79,2
19627,1,27.450751,1,239,13,2
19657,1,22.17436,1,103,49,2
19695,1,96.803373,1,1149,25,2
19698,1,41.519459,1,238,40,2
19720,1,51.650461,1,3205,34,2
19826,1,23.910569,1,12051,8,1
19888,1,16.23226,1,62,25,1
19897,1,40.169756,1,3812,50,2
19950,1,30,1,965,57,2
19971,1,24,1,177,75,2
19983,1,10.284762,1,1889,13,1
20085,1,191.136873,1,1038,28,1
20190,1,28.692683,1,517,2,1
20231,1,26.769189,1,3680,53,1
20316,1,18,1,607,2,2
20322,1,69.335141,1,934,23,2
20350,1,32.69843,1,42,56,2
20395,1,139.663959,1,1916,14,2
20423,1,57.385366,1,10979,49,2
20438,1,5.617759,1,1671,45,1
20454,1,30.634606,1,709,63,2
20466,1,42.644323,1,385,32,2
20487,1,28.323947,1,2517,10,2