"inner_id","C_retail","M","F_pathogenic","D_raw","Log10_D_raw"
1,369.76695812773,7.35985174337598,0.00799730321562383,21.764100821472,1.33774072909325
2,883.012763829902,46.487718538461,0.015471562080388,635.096001638907,2.80283937856867
3,494.201344856992,2.65783764475112,0.0121460931939771,15.9539776853195,1.20286898027197
4,980.092839105055,0.653150936549055,0.0139705090785399,8.94320120994995,0.951493001901566
5,1038.97896640119,25.0498480410633,0.0149377178210532,388.773005885028,2.58969610244207
6,121.69541187468,24.6098991481529,0.00408007964673452,12.2194787321036,1.08705267983456
7,616.308125248179,32.3178732269122,0.0122651226105634,244.293864937607,2.38791256047651
8,989.729520503897,54.3383093907832,0.00529069550202694,284.534815130386,2.45413541341632
9,640.220889827469,32.0585675077428,0.0110315085132141,226.416909295841,2.35490885776204
10,543.030103686033,23.7805137453256,0.0162152234088397,209.395852506775,2.32096807537883
11,1055.75417898363,22.5302101242946,0.0141150164594408,335.744912201278,2.5260094401951
12,539.667510095751,11.8125100827535,0.00753783003492281,48.0523692448019,1.68171480562739
13,769.509901339188,20.3991017856745,0.00825021285011899,129.506155295117,2.1122904104804
14,661.94923700532,69.6539783896585,0.00202989222500473,93.5930484097365,1.97124359286836
15,180.497799732257,13.7203375633752,0.00816401901917998,20.2181175166583,1.30574071652763
16,997.320594661869,11.8669218716737,0.0169318253771169,200.390279600636,2.30187665123617
17,327.239927713526,8.03793436311602,0.00336384831725154,8.84804143753115,0.946847147872127
18,118.111021869117,19.1314091189058,0.0227548371634446,51.4175190898778,1.71111111797838
19,411.118737264769,6.09877290867996,0.0190279357018415,47.7091202633719,1.67860140842047
20,1053.36624037591,73.241939213021,0.0209565566275967,1616.81062743478,3.20865915517147
21,986.77779896534,13.4356977486973,0.0129524033313617,171.723588346859,2.23482995494692
22,785.123491310515,20.4607706219486,0.00918325310195796,147.521905273765,2.16885651274249
23,731.519484112505,16.1937428777821,0.0118335685112514,140.180907417023,2.14668886692539
24,1094.12652103929,43.825933349799,0.00413578197052702,198.315360966989,2.29735635477428
25,747.098444093717,5.07101192101344,0.00673148492160253,25.5025343243081,1.40658334076227
26,801.24372987193,53.2092769302284,0.00985979647079948,420.358613999632,2.62361995141817
27,632.66767532914,5.05874211437936,0.0104463257625001,33.4334929053358,1.52418175111456
28,683.995570958359,193.672903691949,0.0161176565819886,2135.12866655549,3.32942405148813
29,371.388730726903,14.4164830474654,0.00477917740815319,25.5882861928844,1.40804119945116
30,225.791488494724,52.0348315548019,0.0117845225980971,138.456616093357,2.14131371316346
31,1062.09983834997,10.4102978672268,0.00496094381688163,54.8520429540499,1.73919280742847
32,999.85652124742,69.3786201306121,0.0136857986645307,949.365593392845,2.97743348810448
33,782.972910383251,2.96778060010951,0.00239114718646742,5.55628914289691,0.744784837839014
34,890.354103129357,25.7292424902065,0.0191071052515879,437.708177546008,2.64118466045806
35,100.229026621673,15.0126526564844,0.0197928311476251,29.7823435451111,1.47395886899253
36,564.740870369133,31.2493475121305,0.00613062688959762,108.19197736946,2.03419505824421
37,852.421025960939,9.09394749675539,0.0136275760810357,105.639226202953,2.02382521138174
38,296.818134229397,15.8400778626199,0.0149784736815607,70.4231267384251,1.84771530353874
39,401.13553282572,2.30961367319911,0.004638966996409,4.29785499210412,0.633251758481763
40,312.416429986479,56.3191260615685,0.016791926274728,295.45428374902,2.47049029113435
41,221.370022941846,43.0272181168676,0.0206715120424749,196.894834636604,2.29423432295252
42,499.909994209884,12.7730976321834,0.0222335071257083,141.96981779877,2.1521960249697
43,499.067434453173,21.2383782683495,0.017578430050821,186.320511844576,2.27026066858679
44,453.066587197827,115.211516774299,0.00183683559724595,95.8800421864696,1.98172821644784
45,231.255866435822,35.0302780006362,0.0183780505787116,148.879802821248,2.17283578493665
46,217.276215035236,6.25498871337559,0.00920032661973965,12.5037984050318,1.09704196306871
47,313.859951938502,19.2537450844114,0.0106298337195301,64.2358673281263,1.80777759244615
48,552.611511509167,10.025233676559,0.00186736248580273,10.3452993452132,1.01474306166134
49,347.621956374496,9.88190911181124,0.00902817805269733,31.0133135646847,1.49154817017084
50,954.273408226436,2.97633772846969,0.00877428600338753,24.9210776235753,1.39656681791705
51,121.976945840288,14.3177725783793,0.0117103204471758,20.4513506159372,1.31072199428369
52,528.255076060304,137.594903451783,0.0195444815051276,1420.5946680462,3.15247018029066
53,893.897966784425,89.5358453054832,0.0159286722604418,1274.86578061736,3.10546446413813
54,199.94674147456,20.753592618169,0.00968228086219169,40.1777206451066,1.6039852947982
55,649.971683352487,35.4436318823071,0.01874457711,431.825516171715,2.63530830081704
56,286.694674356841,10.0538566675325,0.0100052914475789,28.8391236338626,1.4599820588643
57,205.71994149941,69.2281074850448,0.0220964889351279,314.689405915552,2.49788212254505
58,847.140560910339,6.05426825429596,0.0183940522620222,94.3397133142423,1.9746945521489
59,992.421493132133,49.4105459841266,0.00836505587697029,410.189614619394,2.61298466049216
60,458.82434528321,32.8669839014133,0.00698067397153936,105.269766749584,2.02230366065255
61,756.743074493716,0.927682950545484,0.00513074441086501,3.60187312458032,0.556528410797476
62,172.211677447194,74.3899814244509,0.0208952010822948,267.684732777493,2.4276236021934
63,468.568878743099,66.8381208188725,0.0134136264201486,420.091484428344,2.62334387815008
64,356.243235687725,29.5998806786196,0.0212892714007292,224.490199352893,2.35119738560719
65,910.006039851578,276.325724486014,0.0232730148917297,5852.18759972623,3.76731823956879
66,534.72924992675,27.4714515792319,0.0137369560389314,201.792981556849,2.30490605722231
67,905.315961875021,54.8992721539322,0.00898318027746864,446.474726205333,2.64979687961824
68,907.699247257551,52.3106631260526,0.0161769810150843,768.1210671097,2.88542967658603
69,889.200879138662,108.820532563057,0.0205917837838177,1992.52922410224,3.29940469984143
70,525.827479793224,28.3483185704228,0.0228256030025193,340.24585462818,2.53179284269808
71,848.337037605233,1.52680284946683,0.0104852400526404,13.580938041906,1.1329297679087
72,719.951659848448,0.129131352337579,0.0175890861977357,1.63522799560257,0.213578313772401
73,802.936961385421,12.21528235876,0.00859683373391163,84.3186195568232,1.92592348776693
74,75.6403926585335,4.82618865748971,0.0116176578552229,4.24108182401835,0.627476651468636
75,562.199488451006,103.239081104526,0.00693253919477575,402.371220293675,2.60462691013279
76,300.621857290389,3.26034878192639,0.0166853673936101,16.35386428684,1.21362038942189
77,464.311951166019,34.8077115374324,0.0107514862061478,173.761611463834,2.23995383557108
78,703.090278356103,31.3839141245453,0.0166306664318079,366.967710682809,2.56462785256488
79,435.592856974108,8.9816125217596,0.0222181772636948,86.9247583267092,1.93914349190609
80,188.913809956284,31.196493529199,0.00289535525471438,17.0636269377413,1.23207134756025
81,324.709959537722,1.16063761840941,0.0151002342096297,5.69083423780861,0.755175935695573
82,759.756977134384,39.8199604610972,0.017853021231317,540.116249093043,2.73248724298253
83,503.087949170731,0.924153401482085,0.0165702299671946,7.70400430077963,0.886716516562524
84,882.900729880203,71.3973263197975,0.0206011883809231,1298.63199296939,3.11348609790445
85,180.436260363786,15.6965914703885,0.0189826108938549,53.7632010198564,1.73048511837676
86,520.765060035046,9.59533358023219,0.0207749488395173,103.810642427436,2.01624187866259
87,1084.58090448403,30.8699671715538,0.0228883873651037,766.325569022738,2.88441331635693
88,990.377392258961,55.3896780338058,0.0135946741377236,745.758755344244,2.87259836076071
89,983.630787307629,45.8998646786144,0.0185917787003098,839.391293065444,2.92396445999908
90,254.428966529667,61.1977154784884,0.0142589102021419,222.017954968687,2.34638809800247
91,208.963083854178,0.935116388070364,0.00345063880651724,0.674271400399915,-0.171165260777034
92,744.429473165656,30.4066776127213,0.0118790507484926,268.889761808911,2.42957426643102
93,427.104384067934,6.13141668916106,0.0050396701478865,13.197661138525,1.12049697327917
94,748.177081166068,4.27986553474018,0.0137598780717934,44.0604684710749,1.64404911045708
95,403.382573550334,18.8997480736584,0.00300354501961265,22.898513675606,1.35980729354374
96,267.383397248341,11.5024631444926,0.0176356434081215,54.2396147461984,1.73431659615778
97,876.851658849046,4.67369123927643,0.00184721335333306,7.57012769358143,0.879103205279473
98,170.934861380374,1.25050414397646,0.00367726183026098,0.786032192427932,-0.104559666800915
99,553.448517608922,19.9880455387485,0.021184443320334,234.349814974157,2.36986461496852
100,599.293096398469,27.7617807226114,0.0227443957178155,378.408599397077,2.57796099725476
101,689.98868324561,23.2175953312101,0.00848113785889,135.866794061064,2.13311332782762
102,416.144128824817,62.5646192793097,0.0156028677450493,406.234688490236,2.60877700517581
103,575.828359508887,15.1910891711658,0.0158517062697327,138.662165838044,2.141957979392
104,1053.33567318739,0.879176780840547,0.0149640619991813,13.8577429523487,1.14169250133193
105,569.97495709802,5.86940742327433,0.0207484082214767,69.4120411584981,1.84143481562896
106,987.608977674972,3.91445327309072,0.0186021732110064,71.9150565539419,1.85681982631788
107,1012.29914158466,11.9016481134954,0.00834425719426945,100.53184572372,2.00230365609784
108,698.953356879065,23.1161581540863,0.00296128452308476,47.8458185551619,1.67984398897242
109,495.957020943752,32.3179694753233,0.011395852590166,182.656416020815,2.26163493191884
110,225.772058212897,8.35770730528974,0.0109593766253209,20.6796508429983,1.31554320181846
111,1033.68229835178,8.61618420545106,0.0154939256946789,137.9950547587,2.13986352314406
112,383.759622473735,57.2514401456559,0.0178111016287701,391.323992369561,2.5925364756397
113,137.23858583835,114.36114456863,0.0144710749139311,227.120073119474,2.35625551933543
114,1046.42011353862,34.012171957213,0.0117513553893194,418.242734573167,2.62142840543315
115,813.611180265434,3.13312071091809,0.00651650216158014,16.6114896107339,1.22040857891225
116,220.851652987767,70.3230701829302,0.0115498066173866,179.379657266165,2.25377318988985
117,638.016772468109,23.0491042314367,0.0183024133882253,269.15007674705,2.42999450798903
118,1052.94351952034,24.6079169354443,0.00735215892614797,190.499927384112,2.27989481446473
119,675.120436947327,11.3013219708041,0.0170078475281596,129.765682964068,2.11315985679534
120,489.623038790887,11.9053141395056,0.0185425993209472,108.086963991798,2.0337733183028
121,739.090816309908,8.56479728340444,0.0101097805762663,63.9965591009285,1.80615662392682
122,402.816132520093,32.5674635186906,0.00843405330630485,110.643812584166,2.04392713235557
123,390.413011139026,46.3163884043713,0.00418180889526848,75.617645753375,1.87862315210303
124,300.261822046014,65.9551762955593,0.0121176479017129,239.975734928981,2.38016733038156
125,453.726087481482,15.0832164436688,0.0176399549192982,120.721656026605,2.08178518434112
126,1083.82468355703,51.9464187688122,0.0129310275181895,728.027334837762,2.86214768583273
127,233.057358342921,67.7898972056034,0.0216506258486304,342.056816745333,2.53409824976827
128,168.320099881385,27.9937993743904,0.00211085952883586,9.94619934560141,0.997657159282602
129,220.454580476508,34.0369567934165,0.0215001558491029,161.328634587478,2.20771145814925
130,782.257279049372,43.1222370391194,0.0142616071536439,481.082284775431,2.68221936487195
131,709.7378954757,5.11663286110729,0.0191842303334968,69.6669231412286,1.84302663022319
132,988.678970077308,51.4334405685568,0.0111215141254477,565.541905900238,2.75246479109514
133,764.824069925817,5.23439595522107,0.00856174828503281,34.2760347450712,1.53499057439638
134,830.504681373714,8.93863619378383,0.0105897541605635,78.6138787621912,1.89549922463672
135,609.164118923945,68.4566189888218,0.00819816782681737,341.874387092032,2.53386656508069
136,751.33441091748,2.6553780583578,0.00438312227169517,8.74466603463225,0.941743228098754
137,917.350596649339,20.6752290173613,0.00778499710333999,147.653631220084,2.16924413196113
138,880.938590492588,313.251324242837,0.00772452066694386,2131.62149143424,3.32871009023478
139,1079.3174653023,58.4150260103622,0.00911602954375558,574.750692472774,2.75947950318955
140,525.417324650334,4.89731370490014,0.0021943300624378,5.64630411647987,0.751764266044715
141,394.494757126085,54.9416002670116,0.0181592501454987,393.586733806333,2.59504045172119
142,494.711826427374,0.43829513454097,0.0114140500133624,2.47490602776017,0.393558713410997
143,85.7287896273192,226.246511125689,0.0147253216984216,285.60997707615,2.45577337436967
144,263.445762108313,15.9061098375571,0.00405520789192524,16.9929319106407,1.23026831723041
145,938.79755185917,187.106955158328,0.00248157349107787,435.902160010352,2.6393890210669
146,311.940826603677,36.1544166335277,0.00576948572131805,65.0684827250784,1.81337067991952
147,320.077454543207,24.3118701293945,0.00247512609506957,19.2606429595199,1.28467078066551
148,153.608444466954,32.2639860331506,0.0219845989645226,108.956127700094,2.03725166002057
149,326.866769982735,22.1261091374739,0.0123541630331427,89.3488876139803,1.95108914994611
150,825.438585667871,0.715658127833885,0.0190533758569043,11.2554356421371,1.05136230904909
151,943.63949422841,22.2570865792415,0.0138312609079992,290.493352139487,2.46313619813023
152,584.965448762523,39.9658577099287,0.00416199339327868,97.3017697399278,1.98812073935669
153,472.606755589368,41.6459890677517,0.00202605526424013,39.8771758439214,1.60072439340011
154,327.610219002236,36.0140957487299,0.0110946821063524,130.901558704587,2.1169448179241
155,188.87387283612,81.4554191036053,0.00625312720851507,96.2031144139515,1.98318913181847
156,474.7442961263,21.5760492791172,0.0191352335728705,196.004232101871,2.29226544869651
157,661.23369683628,19.359434884841,0.0127863692456856,163.679728133958,2.21399489502143
158,297.315081878332,1.84499285780294,0.0133817607146455,7.34048726036665,0.865724889270957
159,530.887202074518,2.07604071506607,0.0217541513094446,23.9761953023583,1.37978026757485
160,298.440435441444,133.64885184169,0.00343760654360522,137.113136165189,2.13707906449603
161,589.857052342268,26.8859603950292,0.002274380743457,36.0691161556212,1.55713550041541
162,437.752186146099,20.3417983985894,0.013793262239499,122.824403212241,2.08928466263173
163,741.23478778638,7.71686991149433,0.00405016347295605,23.1669854137882,1.36486952523004
164,459.081805526512,68.8639996499059,0.00745638169809245,235.727611587319,2.37241045591285
165,439.331515308004,0.975955100893364,0.0048100598228164,2.06239892850353,0.314372674376509
166,622.030144091696,18.4688925664264,0.00508914329607505,58.4651362401269,1.76689696604639
167,833.842719404493,42.6129564383883,0.0140467396134743,499.115824176671,2.69820133913814
168,301.63051126874,3.5062977105887,0.00305880929070991,3.23501619385083,0.509876459002386
169,498.064771579811,4.5180374738322,0.0153367662508506,34.5119463128677,1.53796945216611
170,347.328854020452,20.3749895136138,0.0176240065133432,124.721952764554,2.09594290195814
171,720.722379803192,76.5190651782467,0.00984579349176493,542.98569240823,2.73478838614498
172,263.424203055911,32.7780064935376,0.0169622965654824,146.461292983071,2.16572286383698
173,960.235214221757,3.12776699956159,0.00294907220983878,8.85721992627464,0.947297428417405
174,840.232204238418,8.31920991790326,0.0143507983677089,100.313057690826,2.0013574685535
175,759.991765971063,5.53629378112251,0.00747958217184059,31.4706238758937,1.49790535248336
176,708.468320092652,56.5337789019667,0.00567051721394528,227.117774707187,2.35625112433497
177,456.544011732331,1.7643454900157,0.00798284086394124,6.43018923717826,0.808223754176625
178,618.081578001147,41.590912229318,0.0147825166041264,380.007896329499,2.57979262108181
179,971.549401438097,17.6964468953497,0.0108242198333144,186.100512724023,2.26974756965364
180,671.293852274539,0.838131048924208,0.0154759010687238,8.70724058320342,0.939880544288867
181,935.761958907824,64.5262768951558,0.0221754000524059,1338.97804773609,3.12677345690355
182,395.259369036648,8.77607061337642,0.0131054475137033,45.4604926127616,1.65763413745681
183,800.997580273543,79.0430763814008,0.00715942918597721,453.287180372329,2.65637343674612
184,346.643251238856,27.2380184793288,0.0177754504978191,167.833586699167,2.22487887579242
185,684.201773890527,12.6527982708996,0.0132035059959861,114.303636327725,2.05806004677275
186,568.322045501554,58.6333247513487,0.00473124266550876,157.657359160184,2.19771424763746
187,346.658549748827,106.685737067445,0.0069660455254605,257.628904148424,2.41099458620316
188,653.705195646035,72.0402731877556,0.00434266969114542,204.509781847531,2.31071408545244
189,1011.01792860427,4.28365261344837,0.00411007955351379,17.8001363578701,1.2504233292327
190,999.421249236912,41.0602623137488,0.0157917271153536,648.037188538841,2.81159992919433
191,356.020787038142,19.8891516720622,0.0176582883216441,125.037481974434,2.09704021920483
192,404.51982531813,28.3108250508476,0.011414802283817,130.72562609466,2.11636073050785
193,1085.28190648649,65.4945406893614,0.00495436340018641,352.156348579561,2.54673552214257
194,710.493142943596,48.721768580745,0.0198712359122699,687.872289985999,2.83750781483038
195,1035.7469413837,100.677138866405,0.0232329839096172,2422.64352807086,3.38428951600255
196,553.196019883035,22.354009699016,0.00221827745537739,27.4315499667114,1.43825034726812
197,492.003408091841,1.50896458086864,0.0133428039547987,9.90590735791737,0.995894262054128
198,750.711082312046,9.83416084020043,0.0189223125759279,139.696120803666,2.14518434643664
199,231.155282264808,34.3412809861031,0.0130664979773108,103.724062644592,2.0158795187951
200,662.188734672964,225.357973345002,0.0071019017460756,1059.81332628364,3.02522937610968
201,319.694177515339,16.4075292313481,0.0119796454541618,62.8379311890947,1.79822187834199
202,1061.41790984548,12.7889296167683,0.00808179157548584,109.70546301975,2.04022825474205
203,691.399869124871,109.229305183277,0.0225987257762579,1706.68124635455,3.23215241632508
204,602.905470429687,26.2572922717439,0.0168305424008984,266.438681029812,2.42559727507155
205,487.637675757287,40.4644955084802,0.0178525777022121,352.267287099345,2.546872314791
206,977.252704760758,5.48488462433014,0.00209308665753342,11.2191921685901,1.04996158692422
207,448.194161406718,180.847801922186,0.0104195794937667,844.558275293167,2.92662962165726
208,370.445262710564,13.5300262125362,0.0115581390596461,57.9309430842672,1.76291059863473
209,249.911365984008,2.968562963562,0.00441803037300706,3.27763788133513,0.515560970337246
210,251.476040040143,109.942609312333,0.0073298274444649,202.654570914228,2.30675640378676
211,569.093670661096,30.5021832074177,0.00501351220773067,87.0275500245026,1.93965675755638
212,334.289051726228,3.44350499366141,0.0107650309738936,12.3919072488042,1.09313815414727
213,296.661159355426,9.11705276328345,0.00644894332597032,17.4422986448597,1.24160371815363
214,766.235797782429,23.0285802869466,0.0130378626726568,230.05729271662,2.36183600476615
215,123.855218110839,208.633440703657,0.0208878530922346,539.74923211424,2.7321920331484
216,793.374414660502,70.8072881381608,0.012907628612197,725.107861254484,2.86040261355503
217,435.685854416806,15.0065047852303,0.0109386529654264,71.5182460630524,1.854416855138
218,494.167597877095,30.5309540026346,0.00814768919181079,122.927512726657,2.08964909434409
219,916.475107055157,6.09357382538037,0.00662600691553671,37.003656025552,1.56824463523678
220,1016.82878185529,55.6502890349793,0.00294331742946524,166.552960660886,2.22155235715483
221,364.591538358945,97.9325435614885,0.0186954955351073,667.529710907636,2.82447060036782
222,1060.13241354958,140.892944322199,0.0224003387047676,3345.83055810496,3.52450394333787
223,821.604288974777,49.2017422720011,0.0213804036115296,864.289185469404,2.93665907886801
224,778.534459054936,130.279529496558,0.00807602751425002,819.12807470066,2.91335181114643
225,129.165041341912,0.613373006454332,0.00703900146281812,0.557674391690277,-0.253619297776593
226,480.100638006115,26.7292718203835,0.00841698441894259,108.012976457061,2.03347593386804
227,564.791514346143,17.7123297339069,0.00885596133088693,88.5930315713,1.94739956309303
228,649.259595276089,85.7833533764642,0.0150141948945355,836.225573514373,2.92232344504451
229,790.718134737108,35.7116332722468,0.0154537822159007,436.381368556458,2.63986619996889
230,1013.57562688063,33.2999166833016,0.00412363715127576,139.180934852083,2.1435797492429
231,708.810008055298,24.4051684586746,0.012508448177902,216.378987531164,2.33521508433498
232,514.132046472514,25.2673275658015,0.00282273277263157,36.6693955279076,1.56430375094621
233,630.632376397261,13.4736377867259,0.0159419113904703,135.45702164261,2.13180152233782
234,134.940450801514,34.0742240639814,0.0223237591763726,102.644447259524,2.01133546038197
235,342.378278484102,2.86120631967906,0.0223702080649789,21.9141890050067,1.34072540302248
236,482.08075214061,63.1331239737818,0.0213727994716726,650.486791994117,2.81323848272342
237,277.68835509778,60.4744688179249,0.012032363595278,202.060152918007,2.30548067732499
238,927.725751901744,120.013452942072,0.0097383549260674,1084.26425843843,3.03513514197636
239,231.709403393324,27.6199481326707,0.0101735917706508,65.1089699452947,1.81364082465709
240,898.504005576251,63.1048368539611,0.0220267164686928,1248.91369346335,3.09653242736716
241,635.496810468612,1.94850016079823,0.0165556394655257,20.5002794550931,1.31175978129857
242,753.875583061017,28.1263455470524,0.0107647314333124,228.252837200352,2.35841618455376
243,250.990956230089,38.9299153680775,0.0121269308214076,118.492928461227,2.07369243286168
244,723.88174381922,0.128204566467372,0.0178623408689862,1.65771356441804,0.219509491148312
245,394.666490441887,74.5224934976226,0.0176008029760094,517.666561785025,2.71405011301883
246,817.668205068912,74.462699922658,0.0119303946562111,726.391410482925,2.86117070004783
247,483.91332027968,45.7516998626008,0.0106448823373765,235.676172613721,2.37231567660379
248,1068.5903214151,9.9204933387113,0.0104446999997133,110.723671076718,2.04424047651596
249,1066.58332988154,25.8580241671129,0.0162330823108321,447.704149278444,2.65099111940105
250,819.87010249286,46.9958716076925,0.0166510409781011,641.573102111681,2.80724614790494
251,338.647165114526,200.637117242384,0.00306719361369032,208.401055826865,2.31889991490877
252,302.332633023616,3.79968222184654,0.0116943224682007,13.4340626237144,1.128207368458
253,682.871792971855,14.0644353771322,0.0126692514664726,121.678103523172,2.08521243217709
254,349.209467938635,12.0152789457735,0.0051791452490259,21.7309122829777,1.3370779587709
255,619.347158836899,88.5436518427168,0.00831131337194238,455.786268311586,2.65876123684625
256,879.92396306945,65.1395584688598,0.00610461744824424,349.903598731951,2.54394840919165
257,247.262330801459,18.5143088982549,0.00431370692823548,19.7476808626067,1.29551610007834
258,489.509160543093,20.4321397120588,0.020103245345247,201.067022159868,2.30334084598986
259,558.365684573073,185.200415825187,0.009105226154509,941.56740270799,2.97385141471527
260,964.809477055678,23.553915410067,0.00312827854226343,71.0902575361081,1.85181008753402
261,1023.85065474082,7.21176338795427,0.0156686113811564,115.693401765202,2.06330859094245
262,979.026998282643,2.05637849449299,0.0182192885342054,36.6799838220344,1.56442913544938
263,766.041513578966,34.6160944084185,0.0133409252259415,353.766188387588,2.54871632236002
264,1048.92115382245,3.22006493681168,0.0126025987313595,42.566464744229,1.62906758238694
265,604.356016608654,58.9463512891468,0.018053935330431,643.16390066182,2.80832166045535
266,665.931996831205,48.41112488529,0.0208494822931942,672.156390678576,2.82747033214115
267,419.739486055914,3.06155603578689,0.019572367592901,25.1515875677058,1.40056540291616
268,431.007747194963,23.150181196382,0.0125689803945832,125.412123050241,2.09833951990255
269,95.5249080667272,1.41312205734426,0.0189203666133806,2.55402915785046,0.407225851040659
270,590.383371774806,7.40046907971596,0.005946800645045,25.982249287421,1.41467674530632
271,967.819498985773,14.4311378757498,0.00981485291402787,137.081465699683,2.13697873933736
272,81.4583035476971,37.5831373292668,0.010554747814266,32.3129235601431,1.50937625323886
273,148.858552094316,60.5260952368177,0.00377936004563235,34.0513798072319,1.53213471479581
274,243.316505622352,12.6609631223535,0.0018432103582425,5.6782330987276,0.754213216899459
275,864.592426130548,44.5791946672857,0.0101766206155997,392.235799804157,2.59354722968835
276,828.563913458493,25.3971369019206,0.00520879616735037,109.609485017926,2.03984813729352
277,1071.17252656608,46.805904082711,0.0206969987219898,1037.68953399243,3.01606743651599
278,553.134186257375,19.7286178472479,0.0144952983349329,158.181000931176,2.19915431932439
279,151.244126143865,15.2155769066412,0.0115106227116892,26.4890119716895,1.42306575960921
280,740.038577426458,100.331379336667,0.0132531560712494,984.034794293066,2.99301045483614
281,852.557998744305,10.6161090866419,0.0028918724834919,26.1739003579775,1.41786844475415
282,215.533733030315,48.5850234783406,0.0179983345955377,188.473366998715,2.27524998911642
283,481.499209487811,6.56346090726073,0.0166010792280547,52.464411242371,1.71986480355662
284,305.609962431481,112.752971299043,0.00455059684331063,156.80642880269,2.19536386406461
285,134.407524543349,38.0291684037782,0.0149356178232236,76.342012314416,1.88276360341932
286,480.7900055137,21.8482397640171,0.0157683744935319,165.637554547842,2.21915881000821
287,141.551507479744,24.7888518101348,0.0092036558913067,32.2947021048344,1.50913128284655
288,306.533593742643,66.5985595986368,0.0166114182588179,339.117050757239,2.53034962659205
289,130.994836828904,3.73081062078872,0.0140295516817831,6.85647940628997,0.836101175926131
290,762.039090547478,21.0138302437349,0.00774918205053546,124.090442561566,2.09373833345188
291,380.185327184154,23.7715836389407,0.021463060242543,193.974710002526,2.28774511125853
292,178.239621862303,64.564398869615,0.00278985206417274,32.1054335366587,1.50657853880032
293,148.701699648518,192.00271516793,0.0212158260906115,605.735810522902,2.78228324949748
294,977.451583003858,43.0889939966149,0.0193759655897273,816.065397604663,2.91172496350971
295,848.103587125661,31.7948185299834,0.00876789728605654,236.428977595161,2.37370070418225
296,912.021034798818,10.7328400448815,0.0107777268130565,105.498596767304,2.02324668313827
297,1081.69388301321,112.891815903433,0.0126414735152619,1543.70578536367,3.18856453177131
298,181.189636088675,8.12983515584867,0.0136699214118533,20.1363666450518,1.30398111029126
299,176.517875085119,84.8327594769281,0.00336865717051551,50.4439515463772,1.70280909985917
300,893.802401452558,9.46891504304254,0.00866339870130178,73.3212801413161,1.86523003885232
301,879.189648194006,4.13298714130736,0.00681771954027936,24.7734078035964,1.39398575178163
302,84.6656527253799,5.6860253050612,0.00389844558290206,1.87675475751981,0.27340752546395
303,873.542529856786,48.5135754243889,0.0228203591601457,967.096502274478,2.98546981256718
304,822.625418216921,37.8541724788042,0.00915846473975107,285.19280121039,2.45513855892856
305,720.885149133392,60.5327425037843,0.0218580945692491,953.825063068217,2.97946872993389
306,567.93360071606,0.320349729939733,0.0192173231051536,3.49634933206045,0.543614817957467
307,235.552772658411,13.3381984679993,0.0106007126162993,33.3058450261547,1.52252045692518
308,83.4209078282584,99.5934269122913,0.0189471362995217,157.416106821818,2.1970491673239
309,538.769854081329,88.0276795684737,0.00705293654738925,334.497224172211,2.5243925181227
310,579.600661963923,45.3380051023938,0.0185358517135726,487.083957833407,2.68760382626822
311,474.326789326733,4.7119122162899,0.00364624165936839,8.14929976554825,0.911120293276982
312,551.282590441406,183.383421415617,0.00635749098048545,642.717465092141,2.80802010151315
313,806.110975734191,15.9439571604336,0.0229398864143994,294.837158062228,2.46958221637983
314,131.684474489884,15.13467614895,0.00277082624142058,5.52226189514057,0.742116999354543
315,438.652674952755,0.959306687213868,0.0135310598838376,5.69390307506987,0.75541007006057
316,897.882579738507,2.74545673533837,0.0162862141561462,40.1471102971775,1.60365429115506
317,931.601557950489,18.1608386191811,0.00773987249466591,130.948314147087,2.11709991160943
318,318.69314009673,40.8164717882995,0.0123985529469326,161.279503402973,2.20757917752783
319,437.835755187552,9.67784449786526,0.0202792101788335,85.9292261511699,1.9341409007045
320,953.307555662468,13.9825749273884,0.0122229424130172,162.928086128548,2.21199595600433
321,950.107458146522,10.562841260377,0.00471876059654169,47.3566992628235,1.67538142467142
322,378.292841790244,0.86393319897777,0.0086190505313687,2.81687589644408,0.44976771362518
323,225.724532693857,61.7333548865455,0.0182744506957941,254.649585381672,2.40594297339813
324,796.591862849891,28.4650496668227,0.0027713145979913,62.8396331692469,1.79823364115093
325,181.401855422882,19.6565831097854,0.0216915707053384,77.3465153697412,1.88844075255662
326,109.570967324544,6.81367309296056,0.0164827688830672,12.3057179849424,1.09010695796583
327,1099.38964114408,30.8448716088762,0.0107604999407893,364.894281120681,2.56216705685
328,110.746674187249,8.45473823570806,0.00470968898416031,4.40984258808191,0.644423087348218
329,421.851065853843,1.94418656628486,0.0217229573301272,17.8162393209975,1.25081603783214
330,1012.94035568135,4.26269614436333,0.00677950881859288,29.2729492606793,1.46646647997098
331,707.666151371086,40.0780475604246,0.0176974819687428,501.933818691998,2.70064645803814
332,368.442482419778,127.492408551682,0.00197422690952662,92.7365836477725,1.96725109274321
333,831.242338084849,7.40672284607869,0.00714554244799074,43.993544381001,1.64338895272706
334,929.905666905688,15.190085045344,0.0230734582714038,325.920585294449,2.51311179157116
335,397.127549932338,6.98460186773061,0.0172181209013332,47.7592419784596,1.67905742517356
336,579.880711517762,56.5832952814157,0.0158121581978165,518.821601595072,2.71501805002236
337,789.808110374724,16.5260929768194,0.00697195845593233,91.0010852263011,1.95904657149674
338,732.498912839219,1.51899507051922,0.00366604422621895,4.07906897248458,0.61056104881212
339,735.020987858297,123.285084290766,0.00817854002951644,741.115779621592,2.86988606023698
340,1077.29973994428,0.26535856353557,0.013454479239136,3.84624155280388,0.58503655544994
341,500.103717821185,63.0015211353032,0.0185839387294371,585.529638846816,2.76754888345934
342,197.389899479458,13.0195990332992,0.00764459294984117,19.6461249048838,1.29327690084937
343,614.180401636986,37.790717299661,0.00861919929047581,200.054355827558,2.30114801180738
344,305.700184596935,21.1133948013347,0.0221745756375138,143.122886669689,2.15570908700645
345,573.572058154969,56.4349483970952,0.0123405008579837,399.455959806518,2.60146890513356
346,454.470168449916,49.3804661588343,0.0227186211663764,509.850132416755,2.70744253643242
347,1082.93393530766,8.11470507782387,0.0199868593875552,175.638314453723,2.24461926066328
348,473.027093033306,3.36228387860288,0.0228629261153517,36.3623721406106,1.56065220716746
349,309.97596133966,30.9421365331839,0.00425077779120766,40.7705637437639,1.61034671658125
350,713.879984949017,7.46456209971332,0.00855060252507683,45.5644633853424,1.65862625993472
351,214.953701995546,3.97701079294828,0.0221105497218203,18.9017162357083,1.27650123898058
352,1066.65623168228,30.9655505843192,0.0155932150575798,515.03761705531,2.71183894997892
353,602.948603092227,59.0623482373399,0.0228575734005542,813.993854952416,2.91062112630157
354,242.147087462945,192.988462027292,0.0226982581635937,1060.72578486892,3.02560312611592
355,712.449852534337,8.39924037563687,0.0175068534177961,104.761668532456,2.02020240678897
356,1085.60301935649,65.7216269494384,0.0102246211602585,729.502146475245,2.86302657409237
357,760.490805399604,50.8425290502488,0.0160644409886561,621.13604245909,2.79318673064137
358,504.388794332044,16.5063565130538,0.00733049481054768,61.0309234441974,1.78554994121147
359,406.428618001519,0.781486525674607,0.00846066708497237,2.68726429221831,0.429310381359668
360,931.13670294988,132.86213489127,0.0198698122209869,2458.15030859155,3.39060843518024
361,222.412469721166,47.9145686189731,0.016597872324707,176.880164995191,2.24767913468411
362,272.636345552746,34.3601263678927,0.0184610405448591,172.939691649719,2.23789468029622
363,994.157149706734,2.32599020822242,0.00841856069380883,19.467078028049,1.28930076962343
364,390.822543163085,5.59732997234027,0.0155936031718273,34.1119851985916,1.53290699456735
365,447.383057099069,0.682669228444906,0.0149879199924879,4.57753028491423,0.660631226273052
366,878.545140707865,80.0587643594346,0.00667092363089323,469.20100392078,2.67135893267791
367,273.213146917988,12.7167097585797,0.00709242316738237,24.6417185329435,1.39167099258931
368,93.2099571742583,83.1671611195841,0.0206717971461592,160.247927058369,2.20479242026303
369,491.773062944412,23.1807419799359,0.0186725491036894,212.860794857959,2.32809567954659
370,570.246861001942,28.6925175245554,0.00235171493510716,38.4783318798546,1.58521623615482
371,507.391073933104,29.3763065788033,0.0180396618047496,268.886133513995,2.42956840618896
372,426.379021722823,75.5447924858567,0.0211008916717954,679.674801901298,2.83230116929246
373,963.145397527842,7.82759391045203,0.0210009169767844,158.328245209752,2.19955839840309
374,541.485752229346,41.0952078902452,0.00436786888919305,97.195869487792,1.98764780919813
375,622.108995472081,91.0647270821967,0.0227898504228331,1291.09484251507,3.11095814626955
376,1062.93941520271,29.8844396460176,0.021366121620941,678.702305813747,2.83167932465999
377,868.956330633955,5.1868230004139,0.00736842739670537,33.2104062510055,1.52127418819973
378,289.09825728042,25.3719223160331,0.0209127263387898,153.394398602995,2.18580950107173
379,391.506503545679,0.753851885495069,0.0197100432830164,5.81718109648347,0.764712584166121
380,1070.62601149664,47.0982513830169,0.0112446324676974,567.00624081072,2.75358783902473
381,674.522595835151,4.23705505771203,0.00345015529561788,9.86050718120016,0.993899253717246
382,854.844216007041,36.403739677493,0.0204223106530961,635.53263356424,2.80313785577594
383,457.027129293419,31.1026021806578,0.00875872636744753,124.50295662981,2.09517966494794
384,863.423759007128,24.545961882456,0.00679000852240715,143.904498357006,2.15807436989971
385,626.11911262502,14.0559467021476,0.0195974777517375,172.471461232158,2.2367172428599
386,1011.84533590567,26.7377133659351,0.0231184669844341,625.456959732669,2.79619742946712
387,264.928852941375,1.40943153939274,0.00674798864249606,2.51969275791374,0.401347587734901
388,364.273877820233,73.4743836953521,0.00370951026871335,99.2842955032855,1.99688055850898
389,172.336473519681,9.77484005787657,0.0154566628123401,26.0376985479727,1.41560259463934
390,290.749256085837,94.301268380227,0.0202158452667762,554.278523214823,2.74372805118854
391,1076.52647119248,19.4054742205854,0.0057547491587,120.219625767463,2.07997537171629
392,378.709729766706,152.633365846766,0.0126677092614817,732.24098183439,2.86465403168354
393,819.132602575701,166.511398509799,0.00944455285121221,1288.1889854305,3.10997958143128
394,880.330030113691,9.15296285636454,0.0195266615086701,157.338575826539,2.19683521476997
395,183.053189772181,31.0699441583132,0.0122001712917816,69.3878933013695,1.84128370199555
396,320.58449476026,12.6218682885575,0.00678612794058863,27.4592202657593,1.43868820081458
397,352.308494196041,10.9707222233169,0.00760851381295361,29.4075041197017,1.46845816653229
398,178.58495641849,41.9380681802543,0.0194943602684187,146.003168710567,2.16436228139115
399,195.861687301658,7.42717965903479,0.00235547945608851,3.4265158232338,0.534852741677201
400,1091.01746975211,69.1889587703197,0.0105273983645719,794.67501157631,2.90018955691378
401,1085.70565473638,15.7659567633077,0.0146147442039335,250.163330106374,2.39822364948366
402,215.494158182992,17.0625981228734,0.0131679025308229,48.4169320190547,1.68499726653056
403,1002.94232120505,20.3636264484871,0.0164752745317062,336.483474184156,2.52696373944596
404,665.709383512149,28.9671319920044,0.0127179775152588,245.249555932141,2.38960822968544
405,480.335080559598,37.2146422105506,0.0137189936007606,245.233844925087,2.3895804073222
406,536.047546233749,59.7315504042624,0.0198866622522008,636.75006474256,2.80396899779323
407,799.164448678493,2.19116152106697,0.008518968445668,14.9175519207167,1.17369755808587
408,159.565314435167,17.3916948528971,0.00257288458624389,7.14004098021035,0.85370070441317
409,422.795394685818,46.4725755157445,0.0193438723028637,380.075964666509,2.57987040645458
410,772.807239997201,23.9651052499599,0.0185394009726122,343.357248665428,2.53574622028175
411,399.8729792831,1.25499847399818,0.020276659063017,10.1756381541854,1.00756165506194
412,927.35781299998,22.0697764742869,0.00321296616534237,65.7584279183625,1.8179514220116
413,295.551384717692,0.945213216991328,0.00198933154793922,0.555737821369677,-0.25513004580378
414,585.397659591399,17.1680746392715,0.0145211388235446,145.93963370857,2.16417325188961
415,357.950914441608,16.2319571176585,0.0204967306790175,119.091004263304,2.0758789575671
416,271.823901694734,89.1973948536363,0.0113952755447943,276.289667282574,2.44136464341788
417,1049.38679565676,62.6868872255253,0.00260786259938031,171.552482197131,2.23439700625531
418,404.768676211825,6.40202899712393,0.0106212475402979,27.5232721218182,1.43970006401022
419,565.417793398956,48.8623131651555,0.00965214854043443,266.665904511985,2.42596749102211
420,103.692386235343,13.334587094601,0.0120465738569153,16.6567393099469,1.22158998876977
421,636.145954712993,11.540436566722,0.0046740717478795,34.3142398535005,1.53547438262093
422,735.346226056572,34.948884804746,0.0121083095171023,311.17787029587,2.49300870415916
423,686.170133249834,16.8002514031745,0.0074827228727052,86.2595627804061,1.93580725252848
424,404.985810094513,8.34649898683157,0.0123335582423722,41.6900619687693,1.62003254066898
425,988.392170268344,124.5292255959,0.0212803158992436,2619.2602638049,3.41817865440783
426,716.913371090777,111.591319465449,0.0125714429016924,1005.73188843629,3.0024822203902
427,385.477538179839,48.1508199490317,0.0169253964126809,314.153290474211,2.49714161292132
428,472.909780353075,7.02229063724705,0.00304506559513975,10.112388550586,1.00485374825373
429,239.48696978623,43.8560163367236,0.016620184729062,174.56087711393,2.24194691544399
430,959.11569496966,85.457621842528,0.0189740984308999,1555.18819127491,3.19178294994613
431,1051.92874413333,118.334831573433,0.00220538319898769,274.52568327269,2.4385829811425
432,652.73580054054,21.6860372247803,0.00259151329421438,36.6835259916035,1.56447107304759
433,412.786098726792,30.9062427478767,0.0142231779912952,181.454573760083,2.25876791953978
434,1096.53264918015,11.2604323303778,0.01878577097815,231.95602397452,2.36540565577231
435,315.690167690627,69.4430365855205,0.0176081122157164,386.013555935625,2.58660255639368
436,702.988764399197,59.743742241324,0.0075735609592637,318.083346476257,2.50254093184614
437,185.882992658298,15.5872520974853,0.0191153781241272,55.3849934382883,1.74339210859503
438,574.20838419348,57.1244744016839,0.0109360568719683,358.717452525258,2.55475250673181
439,176.931968930876,24.1974289648289,0.00535212664580904,22.9140531175387,1.36010191550512
440,240.194906760007,3.21423032694262,0.0147870227430947,11.4161989703613,1.05752152939329
441,365.067692549201,44.2003210530386,0.0195538476572372,315.523021405196,2.49903105202545
442,673.469144362025,4.18536732935133,0.0185904449392809,52.4011800268048,1.71934106700967
443,825.000350322807,51.1334824379472,0.00355175333558582,149.831214990863,2.17560230125426
444,244.658933882602,4.49309081340138,0.00332130491961725,3.65102682863374,0.562415024263006
445,963.129457284231,62.0672335492227,0.0224176403795835,1340.09921396731,3.12713695245696
446,801.288490614388,14.8873253355813,0.00374129427860025,44.6300582577616,1.64962745374637
447,854.409524635412,76.1517645093013,0.00636340192363132,414.033428393057,2.61703540677442
448,225.761211267672,7.24520341036417,0.0112428772483952,18.389815765947,1.26457737838254
449,442.00838750694,8.73546922478019,0.0185242370047607,71.5248700510667,1.85445707743632
450,765.165793447522,17.172930201293,0.0201052711262135,264.186052472039,2.42190988559371
451,611.918166693067,42.2329436457929,0.0152315639324486,393.630912871415,2.5950891973871
452,433.546837582253,32.3758271196434,0.0101428795651998,142.369894699812,2.15341816382322
453,321.543969126651,44.529238923041,0.00489072929306421,70.025991319734,1.84525926560904
454,134.646591206547,10.9418513819344,0.020755965291243,30.579410605991,1.48542911047354
455,317.535235674586,15.9912175618425,0.0205854489695746,104.528278907739,2.01923379965419
456,987.329861009493,12.1510102480606,0.00908040937904734,108.938173097884,2.03718008784403
457,907.123101467732,80.5931969315493,0.0128362287160242,938.430376886272,2.97240205739878
458,841.204230237054,35.814321494203,0.0124196116239298,374.167610932879,2.57306619096217
459,233.784518926404,0.8059484392702,0.0188589128381107,3.55336369622915,0.550639660960132
460,202.860640821746,136.047019579333,0.0215459250622196,594.637056595317,2.77425197007813
461,1074.09395369468,326.685762345796,0.0144067457783502,5055.20034442445,3.70373837194559
462,522.033245989587,32.104848099724,0.0195048284753691,326.896986549431,2.51441091712064
463,550.617042492377,1.60004808474988,0.0191599365651608,16.8801674532589,1.22737675056366
464,244.430533266859,11.1603833188045,0.00785381916242186,21.4247352417142,1.33091546379136
465,674.559971271083,41.7710661370735,0.0127359448842006,358.861854709459,2.55492729737024
466,352.547469933052,24.2431824540624,0.00814743296692614,69.6350718892981,1.84282802828367
467,310.849343403243,1.13676189994278,0.0204539110430749,7.22762857744351,0.858995826385936
468,783.488027279964,51.5942501610953,0.0171373989046086,692.753255219419,2.8405785751912
469,364.923709619325,3.06894527663873,0.00959055308434181,10.7407566990014,1.03103487900081
470,905.658017838141,16.8224763578171,0.0232361505658599,354.012294479768,2.54901834488456
471,171.264522266574,95.9592263211111,0.0168715711507946,277.274335401339,2.44290967300591
472,917.580822948366,10.0367006880595,0.00690579621989746,63.5988203264018,1.80344906013763
473,513.113987719407,5.38202548445394,0.0157211847628467,43.415506849297,1.63764487550883
474,849.784441222437,3.13527990079133,0.00919497385988943,24.4982799170379,1.38913559257827
475,753.945144219324,10.2756462165562,0.0190134615463438,147.302488087258,2.16821008257543
476,530.64058185555,55.6226917889562,0.00878809910018463,259.386523427008,2.41394740831967
477,717.824839055538,146.480615623224,0.00754664541741368,793.510328006784,2.8995525837275
478,75.47698278795,10.633507160244,0.003300294153695,2.64876670515477,0.423043708721648
479,297.674601874314,135.841912081855,0.0140661234702682,568.787433432356,2.75494999269486
480,797.49405180919,47.4718762951052,0.0018896730980603,71.5402626302191,1.85455053014683
481,295.545650401618,5.36260796767936,0.00783938550432213,12.4246064922987,1.09428264280339
482,909.282064309809,83.6435322146622,0.00782187476982363,594.897094327228,2.77444184769327
483,390.457971155411,3.9819718069128,0.0193919307302684,30.1504310376174,1.47929352529609
484,779.936252807966,3.22618588135417,0.00432268768928479,10.8768303090781,1.03650235309779
485,1030.99810599815,41.9109284602202,0.00743653832348064,321.333474354991,2.50695596977937
486,193.674156453926,14.5207524138907,0.0112435054536443,31.620048265079,1.49996252850705
487,205.898330087075,37.2685260030608,0.0224052659666166,171.927419360377,2.23534514444328
488,770.179453858873,37.7483974093044,0.00862894165290054,250.869566701773,2.39944797970784
489,514.672310784226,0.862981416134274,0.0186849091848824,8.29895173525777,0.919023238840623
490,930.261002387851,23.3733472623474,0.00462788546662778,100.625564327464,2.0027083289895
491,1070.72401847108,5.16805432250671,0.0124324268328026,68.7955784806202,1.83756052685216
492,147.251202154439,15.5612880826174,0.0130920272266492,29.9993117824305,1.47711129163562
493,546.279823035002,6.38786448312142,0.0208517762380186,72.7635551374904,1.86191391000216
494,794.12474638666,0.287256764271812,0.00957620350464713,2.18450156681324,0.33935236053934
495,164.113672135863,85.3478309482338,0.0118253059858223,165.634056674118,2.21914963863822
496,1092.76761652436,78.4799737253098,0.011261672085803,965.805208059762,2.98488954298348
497,334.426468878519,3.02969908476057,0.0171374948318815,17.3639079875975,1.23964747581994
498,125.776896538446,33.6316636210453,0.00290049723286647,12.2693535373964,1.08882168069459
499,778.483070485527,86.2308346529991,0.016878332559322,1133.02972040492,3.05424130195392
500,881.600536475889,108.841496892568,0.0160647404941963,1541.4877089473,3.18794006622915
501,437.446227879263,174.441705557787,0.0160731273451354,1226.52212208407,3.08867538573637
502,450.602481083479,74.0076687285653,0.0125479288008763,418.448820881649,2.62164234842754
503,369.277633959427,34.542156673425,0.00771964657732751,98.4690781225855,1.99329987202988
504,156.972235132707,24.1516725684564,0.00982354059705976,37.2424375943992,1.57103809870971
505,449.59062631242,64.5511560336192,0.00406815643184818,118.064387020657,2.07211891664111
506,257.464159978554,13.7065588749824,0.00728168577463366,25.6966880258123,1.40987715193815
507,624.455063644564,106.15608708807,0.00279594768346287,185.342550260402,2.26797513449388
508,591.54742982355,26.8877222195457,0.0118965725659626,189.219304793672,2.27696544251858
509,1043.66098106257,52.21331637917,0.00876790158608928,477.789269870737,2.6792363921944
510,424.854316050187,48.4268062125626,0.00631472764543723,129.921338630928,2.11368048662794
511,551.331618509721,2.24141633613283,0.0179815716262208,22.2209734190773,1.34676307986471
512,159.594461170491,36.0054157373396,0.00704332384672016,40.4728047675145,1.60716330206507
513,956.609517236939,0.495410480775672,0.0105190725050168,4.9851397333201,0.69767733607984
514,480.552155972691,11.8731651159933,0.0169230458966456,96.557401499131,1.98478556974698
515,829.296834132401,88.9331041204435,0.0042600359769538,314.185924997933,2.49718672547592
516,251.036991132423,1.54663228382801,0.00469725482126232,1.82376515177263,0.2609689130188
517,541.130672104191,0.809206271780162,0.022966251246701,10.0566075576948,1.00245150284256
518,864.459878421621,26.13374708125,0.0228006146262167,515.101814174718,2.71189307945674
519,139.216248306911,52.326022509705,0.0181112622055924,131.933890050856,2.12035636773413
520,910.458532470511,85.895499856937,0.00244627877727617,191.309496742817,2.28173652925694
521,383.671087573748,15.5386245036462,0.0227455091409618,135.602378653276,2.13226730772376
522,448.787803685991,88.6400752710658,0.0181458124630852,721.851029628323,2.85844758027632
523,394.915611727629,47.1568337451023,0.0208800038404996,388.847681897325,2.58977951426658
524,113.304213999072,45.2582382366675,0.00657199176640715,33.7008393320272,1.52764071727278
525,606.775046483381,22.1171832163211,0.00761519768072758,102.197132272744,2.00943870934471
526,770.988751098048,25.1068052584912,0.0148559830339625,287.568220763946,2.45874089037067
527,1000.81439927453,43.1335694855158,0.00911426962895785,393.451147937202,2.59489081675003
528,101.164865907049,31.2222242212168,0.0180748397618998,57.0910465625635,1.75656800433407
529,1088.80522750551,7.70588460184841,0.00340900441277772,28.6022541770129,1.45640026173253
530,385.459815210197,1.3425496032017,0.0209485218587331,10.8408374785636,1.03506283370326
531,1037.61686061625,68.8106132952161,0.0183656127565308,1311.28735021477,3.11769787165816
532,779.797771270387,24.2358640618905,0.0207780162946554,392.685242182418,2.59404458000947
533,533.212919725338,84.8621238274218,0.0221771781584946,1003.50801544484,3.00152084573189
534,911.890092259273,74.5757086494085,0.00876610870270524,596.137906013932,2.77534673774842
535,115.486677800072,10.5833051584023,0.00564118394739926,6.89482850321088,0.838523468331237
536,832.507477654144,45.265558873722,0.00502177622991148,189.240194836901,2.27701338651533
537,432.437481061788,13.8412544961177,0.00426483478345908,25.5270714819963,1.40700099450811
538,924.982094060397,27.004516700446,0.0119324851178797,298.057899271624,2.47430063619609
539,623.92992649111,59.8566374567046,0.019242839874886,718.649783091064,2.85651729883142
540,356.408997706603,5.9961362247106,0.02043496220042,43.6710857109711,1.64019398909153
541,895.971917221323,6.16365502390937,0.00319103127783164,17.6223483627123,1.2460637822264
542,168.935812165728,32.2767901047547,0.0175370643665781,95.6244517176428,1.98056895805255
543,927.91046857019,54.9662536873887,0.0227124624932883,1158.42103631599,3.06386643548377
544,358.776449284051,63.1020449767446,0.00848901974882465,192.187397234239,2.28372490523117
545,846.937852073461,67.8776766920213,0.0172022775132908,988.927517741637,2.99516446166957
546,1063.25638436829,9.79826299333315,0.0145968401891412,152.070839860289,2.18204594448112
547,158.50322401966,8.59482088755077,0.00272841805703938,3.71694252841192,0.570185846060339
548,950.723865145119,41.8705227592604,0.0114564427096164,456.050111829866,2.65901256655795
549,897.294172516558,1.73408939882469,0.0155315087217139,24.166846041635,1.38321997535215
550,469.802944705589,1.1953221944526,0.0190145145738032,10.6779027391994,1.02848596072292
551,410.787333984626,6.9144830238129,0.0134505112500163,38.204590680666,1.58211555106601
552,285.062170558376,41.0788794965049,0.0207591227367055,243.09004454467,2.38576717320842
553,658.617229218362,61.617032200852,0.00194589202147909,78.9682659458959,1.8974526015005
554,985.256570205092,112.380024097263,0.0114067334100371,1262.989535376,3.1013997521806
555,617.956943734316,22.2350102613238,0.0121910775735276,167.50880698791,2.22403764555616
556,676.63262320566,10.0562282381778,0.0188553062119288,128.29851938122,2.10822164446319
557,757.378521101782,23.6294231657412,0.00778805727495346,139.378325065329,2.1441952412195
558,618.139770044945,79.7017942143342,0.0144968314893311,714.213204307481,2.85382787512709
559,597.588971880032,1.12191219538496,0.00583037949115969,3.90893335881101,0.592058266454925
560,91.564492933685,4.96162672269143,0.0191565575954271,8.70299336358704,0.939668652353922
561,123.902734561125,40.8849523745382,0.0145782543413341,73.8498998321173,1.86834991058381
562,1027.58444959763,102.028263716889,0.00765531265113968,802.603320156492,2.90450095196231
563,863.517677166965,1.21909062728982,0.0190555743400007,20.0599232861445,1.30232926784353
564,281.107631500345,37.0909924600364,0.0148054930656916,154.370377183214,2.18856396529924
565,741.518037894275,22.5408570311068,0.0223952147176722,374.323743178674,2.57324737508249
566,745.110849430785,45.242172190596,0.00564009940305259,190.130195019782,2.27905109366251
567,480.135105474619,69.4253710508617,0.00189111394942738,63.0375562381888,1.7995993686179
568,907.612449262524,33.8578014208674,0.00979286245147232,300.93233315948,2.47846885227432
569,635.699003102491,90.654415320605,0.0183860497358954,1059.56821593488,3.02512892220812
570,982.260967831826,31.0471661867784,0.0141222490744665,430.678032158128,2.63415272001935
571,642.146837251494,105.932092840038,0.00546487870540004,371.7426816115,2.57024242745081
572,1003.699314408,25.4702375554493,0.00372200177372433,95.1509653608832,1.97841319881093
573,677.147901192075,2.44688953242921,0.0206388790939935,34.1966849019067,1.53398400668211
574,509.050242253579,5.63959629068378,0.00493034659100231,14.1542256464365,1.15088611484004
575,1048.32495606388,12.0099270802011,0.0154584482770413,194.626598401117,2.2892021923016
576,801.763851050055,7.54456371831663,0.0113941105112433,68.9225011858595,1.83836102953494
577,498.638043290703,38.1664116970802,0.0217039484221721,413.052722513042,2.61600548902957
578,93.8231858133804,150.465344276358,0.014955845442554,211.133733338939,2.32455762711413
579,655.902434833115,105.269962343617,0.00328498171707615,226.817556485621,2.35567666745954
580,577.3150394205,31.2113425264229,0.0129113782557659,232.647251247323,2.36669792566287
581,975.640871754149,56.3567325881319,0.016625750623364,914.149136927482,2.96101705356866
582,908.174005098408,21.2481046631883,0.0122254652056843,235.914512486046,2.37275465770945
583,950.452476966893,85.2369606182123,0.0150453743118094,1218.88114522361,3.08596135903092
584,452.093346463516,11.8169268748478,0.0121012042711489,64.6489172335602,1.81056125553617
585,970.798660663422,10.9461681441131,0.020131952709239,213.932706286889,2.33027718510491
586,230.121625732863,60.9356050180136,0.00755465694908053,105.935936249262,2.02504330918508
587,363.856961444253,6.18339504293937,0.0105847267515026,23.814273272437,1.37683733291517
588,758.37278678664,38.1199354926982,0.0189917627952062,549.035182166816,2.73960017492613
589,1076.81816621916,20.6148554264839,0.0205843709778972,456.941146756253,2.65986026728003
590,672.308230068302,11.0296748723165,0.0133862512903987,99.263620595283,1.99679011184333
591,614.754831523169,47.3633116469632,0.00885574135342613,257.851068327476,2.41136893511355
592,137.301780492999,27.6712120726774,0.014233216530364,54.0763547267841,1.73300740824052
593,1068.26483525801,1.45626107220633,0.00897831747606397,13.9673215434421,1.14511313120861
594,198.24305679067,0.534197127060318,0.00520765617811121,0.551495327199153,-0.258458162970337
595,165.572383534163,60.426171670419,0.0127676615903154,127.739244747323,2.1063243440825
596,977.783217775868,65.1191483566254,0.00258417083562817,164.540386038838,2.21627251189773
597,596.079895488219,17.357959279905,0.00486327759870328,50.3190229204343,1.70173219952021
598,420.93237224035,35.7192769222144,0.00549643827760592,82.6411479119017,1.91719634104233
599,991.692991089076,43.8008631909149,0.00876577398094814,380.7590035661,2.58065018161502
600,107.770918781171,38.8333122607242,0.00940181523126084,39.3475532990621,1.59491773233035
601,318.160439841449,51.6298852859467,0.0204297781730536,335.591528786134,2.52581098955872
602,778.652609878918,42.4929893935822,0.0094634453429142,313.119638314232,2.49571030665889
603,306.463883904507,16.4990273151601,0.0222403781925794,112.455269530622,2.05097981081168
604,401.45695284009,1.66640972004809,0.012172084779432,8.14302452162925,0.910785742614553
605,253.333412174834,21.9386071154285,0.0204494230553508,113.653439435102,2.05558258308856
606,896.465323283337,199.512964578914,0.0086289076180663,1543.33582096721,3.18846043631868
607,224.939109425759,61.1800300308373,0.00901255087770987,124.028755664297,2.09352238660187
608,918.285326444311,114.589309721703,0.00527015846555587,554.556017125155,2.74394542190013
609,414.27277434268,56.3701729247209,0.0152361998082604,355.805305154412,2.55121241924569
610,458.523622551002,55.6101777790205,0.00574329685997218,146.445915400802,2.16567726305325
611,720.489059388638,13.9281828765825,0.0133934074909892,134.404228779086,2.12841293320092
612,174.049586604815,2.15920698523122,0.00601767419518437,2.26149662213041,0.354395943401319
613,97.5435581989586,63.9825218082106,0.00403621939285658,25.1903795900834,1.40123471186638
614,1092.87089984282,311.123074760402,0.00890068431450054,3026.3871354161,3.48092448218712
615,673.537316807779,92.7407236712397,0.0147337155075045,920.33178811366,2.96394442274799
616,876.3686417602,19.007171575981,0.0166437913982198,277.240445668469,2.44285658831097
617,989.193525665905,26.0550991723492,0.00620505885949824,159.926304248021,2.20391990120863
618,848.737089917995,37.890930383235,0.0107230477819219,344.847190182422,2.53762669170457
619,1078.6838233762,114.675234479578,0.00490525276628323,606.771528204025,2.78302519400991
620,120.250744634541,0.610698831551257,0.00626248807944357,0.459898269715011,-0.337338224378205
621,1000.9859068261,4.20908294175407,0.0182674735047156,76.9651168143279,1.88629393286496
622,962.138334399788,23.0008066961748,0.0121549841999775,268.989287946176,2.4297349852868
623,869.792781153228,17.8512476541682,0.00694911617641337,107.898137063631,2.0330139463514
624,461.236827279208,88.6201521838272,0.0189226283955621,773.460123820489,2.88843792831188
625,118.160749902017,69.7677401651234,0.0113187162300572,93.3093290311199,1.96992506651385
626,448.521358694416,8.65283644524284,0.00545392110066023,21.1665693973674,1.32565047481088
627,355.595051537966,4.77452315018746,0.00534962606914341,9.08257805166782,0.958209138685921
628,946.729167737067,109.320350780779,0.0226259647716768,2341.71415234291,3.36953388064382
629,446.461755264318,95.1500717735992,0.0130295996967005,553.508705558446,2.7431244558313
630,387.0897353685,69.2604055778015,0.0130344653664622,349.453913067566,2.54338990792084
631,853.113722894341,14.151296432521,0.0166084004167467,200.507657462051,2.30213096314079
632,940.955489932094,1.08582614164327,0.0187437240515836,19.1507265706627,1.28218525557063
633,544.369600113714,5.28566710026731,0.0166856965738814,48.0106972553923,1.68133801323787
634,822.872456075856,58.7654103967998,0.0207077496298123,1001.3530025106,3.00058720436938
635,181.680601940025,15.6172718795702,0.00483428694314789,13.716589949331,1.1372461558122
636,300.482757168356,34.3592448119558,0.00750277333969716,77.461337574035,1.88908499195302
637,1052.80002892832,27.5216755683723,0.0210599528321298,610.208360094786,2.78547815335254
638,845.838479773374,27.8357836576335,0.00940907482285984,221.532686028339,2.3454378132429
639,914.429267845117,54.6863739097415,0.0218439706987236,1092.34752950144,3.03836083079827
640,503.221529285656,0.931569201269523,0.00883318303124979,4.14086969707053,0.61709156454401
641,683.684455434559,63.3985801263481,0.0156759375857189,679.467616252379,2.83216876288155
642,893.794146738946,1.91027712366344,0.0130088715315331,22.2112758573867,1.34657350595542
643,985.618866671575,16.6194592676682,0.0138951806243975,227.609347698843,2.35719009414949
644,469.821383152157,63.7312004745885,0.0125244776036823,375.011424743195,2.57404449873398
645,167.580136365723,108.232395954356,0.0132127292658668,239.647194014929,2.37957234828309
646,716.387228021631,12.3601375052035,0.0100374462013831,88.8780192597542,1.94879436733083
647,839.277122728527,56.9021313315665,0.014734858500259,703.687584240377,2.84737988846741
648,162.512918759603,89.5721622623918,0.00745838596387766,108.568991193035,2.03570580244669
649,383.030551485717,54.0774469350286,0.0157040283780778,325.282475924014,2.51226066698766
650,704.9262112414,21.8798265406919,0.0161201958589489,248.632472064764,2.39555784802886
651,846.755359397503,67.9807574763842,0.0137199201652082,789.760734866525,2.8974955377891
652,1014.98356137308,36.5799600823285,0.00842654965906404,312.861425823512,2.49535202021011
653,562.644268333679,122.329288134523,0.017782823216822,1223.95389471647,3.08776505862053
654,656.297452794388,60.713863126158,0.0200115700438153,797.388098438502,2.90166974923325
655,830.035854736343,12.9601710235152,0.00972323815845884,104.596826660361,2.01951850876835
656,953.883610048797,6.22302277872818,0.011286735169543,66.9985050428843,1.82606511226994
657,1006.87516708858,14.2693149937374,0.0205184121749597,294.796623261307,2.46952250460296
658,132.791780994739,22.7151484867671,0.0105902243108256,31.9441940026319,1.50439193474002
659,590.481011703378,27.2576241969844,0.0122268612646265,196.79267104789,2.2940089204026
660,434.308392368257,11.7659782015328,0.0126298060146626,64.5391053895908,1.80982294112588
661,941.695026023081,61.7450605750998,0.00265076222894713,154.128613341074,2.1878832711817
662,901.596042927122,81.4571563580184,0.0102986089102458,756.344769708592,2.87871980800148
663,195.264507969841,6.40979617383419,0.0116960879845545,14.6388903432125,1.16550815759093
664,805.503718869295,5.72339959808738,0.0137739747254644,63.5010490871721,1.80278090023696
665,316.15057947929,46.65213280823,0.0162602518399479,239.824061246075,2.37989275316725
666,151.830669975607,17.5637394464948,0.0164690040627727,43.9181290928356,1.64264383094194
667,1034.03730091522,7.38928635373333,0.0209491336097242,160.0680922563,2.20430476890818
668,236.097020778107,1.74121152892618,0.0161197973174974,6.62676573319238,0.821301617855294
669,738.233783777105,28.6226405864971,0.0130661287101218,276.089916292138,2.44105054507224
670,252.855689806165,3.33483503874721,0.00848710378138349,7.15659761555523,0.854706599405267
671,95.5758594267536,11.5562863281244,0.0023629913629964,2.60992868072247,0.416628639908444
672,609.346692502731,15.6300485401851,0.004595893077855,43.771829742754,1.64119470129834
673,163.434840610716,12.2838647365912,0.0125914430748206,25.2787256077021,1.40275517580127
674,365.077404706972,19.1436575226167,0.0127848629076732,89.352343224496,1.95110594616595
675,505.945773550775,8.45680656190133,0.00427728968563024,18.3011775185897,1.26247903363064
676,676.960077282274,84.8463490421146,0.00730687688821927,419.689406227005,2.62292800691647
677,901.861790340627,23.4717238754708,0.00533688002121635,112.9724154015,2.05297241426784
678,282.04508908093,7.65363658542301,0.00780702082482167,16.8527864259421,1.22667171703908
679,545.910288509913,45.7567381071201,0.00507947465493344,126.880573801412,2.10339513402006
680,534.346691716928,35.1443232800183,0.0110215222853702,206.975954089852,2.31591989322172
681,827.09145215922,117.320459757469,0.00635970754974987,617.112628530376,2.79036443386365
682,807.623680820689,21.3702259306213,0.00347690602457151,60.0082705977366,1.77821111084071
683,927.002528350567,74.8899801495705,0.0205535435425816,1426.89278352495,3.15439134152892
684,983.73027392081,40.1532912939731,0.00640481622477528,252.990293676356,2.40310385918506
685,1051.46068834001,2.58159032745089,0.00616100537946913,16.7236840181076,1.22333195327633
686,639.382139901863,48.7061128441856,0.00860590833479073,268.003636737522,2.4281406873285
687,610.394160269061,2.74639313599487,0.00890162256762851,14.9225227986322,1.17384225107938
688,249.965711683035,19.6774837765131,0.0183384348275838,90.2011903665733,1.95521226887479
689,566.253348975442,0.419406048579176,0.0141208182097878,3.35355424049747,0.525505335026825
690,335.166316409595,6.25009001577266,0.00528553867149167,11.0722502583263,1.04423589327795
691,115.775152941933,15.8137250419544,0.0192874325459823,35.3121342488444,1.5479239669113
692,725.670522527071,8.87214809934978,0.0216223102231277,139.209976035022,2.14367035870643
693,628.049936890602,31.5973164051924,0.00722832624283619,143.443912115059,2.15668212113593
694,218.606138677569,23.0201597570228,0.0179558043633122,90.359860417689,1.95597555137765
695,365.80457125674,49.6430816862056,0.00619327889727429,112.467877532856,2.05102849931596
696,672.606360091595,65.2415844548096,0.01962873147598,861.346122965771,2.93517770323986
697,244.151539506856,26.7223270847102,0.00829330897966865,54.1080133587219,1.73326158857713
698,173.70863846154,55.6150275922724,0.0182820848808158,176.619761619815,2.2470392942715
699,514.32841863716,23.3501091232779,0.00439408261463977,52.7712831042909,1.7223976539334
700,439.655604877044,9.07539458837616,0.0199600046368549,79.6413785223912,1.9011387686769
701,941.056878358359,26.6525232150511,0.019456280159601,487.993474855276,2.68841401492629
702,341.635785502149,61.8230317877686,0.0201586308582453,425.769636554811,2.6291746868184
703,98.7231044855434,3.83564577705762,0.00211296071305405,0.800108196018006,-0.0968512808126057
704,958.959528169362,20.5298189794535,0.00261541076872963,51.4902862529193,1.71172530623232
705,417.95266023255,84.0118887531655,0.0082254155724775,288.818954446613,2.46062569146495
706,722.583593509626,116.187909482787,0.00882384583302774,740.810187266737,2.86970694592457
707,635.086915217107,30.6961916968139,0.00340761010088027,66.4305059701887,1.82236756027271
708,460.855605517281,25.712247749328,0.0170237671804614,201.72540197529,2.30476058955178
709,265.519840462366,11.3937787881591,0.00234150724306237,7.08370174680324,0.850260267305672
710,514.664105948759,32.2420240010812,0.0195173000019975,323.866415890294,2.51036591513048
711,721.54293852509,37.7466132602754,0.0127957751042675,348.503200390521,2.54220677068528
712,608.863410033518,121.6011619856,0.0182842147986637,1353.73580355586,3.13153391526981
713,751.111870625755,9.37358204893101,0.0219670967700193,154.66173367039,2.18938287406435
714,822.594954603119,26.0822084009593,0.0134521615565289,288.617377724391,2.46032247652394
715,573.993445187807,16.6921832730382,0.0222021619894775,212.723438479828,2.32781534435335
716,469.068031053757,38.8388519555348,0.00861431033846457,156.936055469835,2.19572273257796
717,82.004346564645,117.600580395183,0.00796606321244035,76.8227918154328,1.88549008580241
718,78.7763332773466,60.0474117389033,0.0226201834352221,107.000591187401,2.02938617720593
719,1094.80985114351,6.8839677264142,0.0070226779628545,52.9273653168663,1.72368027568737
720,185.584052174818,47.5012416937119,0.01899429393264,167.443683737961,2.22386876985447
721,504.135887318989,45.927508755961,0.0081470237479778,188.633787576696,2.27561948502843
722,810.831660276745,104.303448502864,0.016780890448438,1419.20250053061,3.15204436768332
723,836.102610552916,17.2757475818246,0.0181654153912794,262.386666891433,2.41894176270592
724,968.798794306349,17.2085683011509,0.00768520137278829,128.124912319928,2.107633581198
725,698.064660077216,1.0851309044921,0.00191197436938528,1.44830440182685,0.160859850631802
726,850.108435092261,91.0011264271374,0.0108751486602239,841.310474294943,2.92495629590501
727,943.422330514295,5.61895449621805,0.0146530637529911,77.67658178613,1.89029010587929
728,703.099140198901,23.9390183605757,0.011306598502514,190.307049176103,2.27945487531584
729,888.054771971656,57.2373282574007,0.00916461361637339,465.83623322219,2.66823326538472
730,98.4260505414568,9.36829456317591,0.0129078974218108,11.9021687088373,1.07562610193598
731,502.337413397618,17.9322001784679,0.0067118220632663,60.4601941868794,1.781469537717
732,971.754447149578,2.37599310545662,0.00802252970060799,18.5230733501879,1.26771304650852
733,738.530690950574,0.117741831472162,0.00228206702945754,0.198439320546974,-0.702372268650593
734,1022.59096143534,96.7726265942455,0.0131598801814951,1302.28612553132,3.11470641363885
735,251.530723430915,175.43611926955,0.0107969599083997,476.443647287403,2.67801154061042
736,398.708108864957,16.4774278520652,0.0227581562731182,149.51389736402,2.17468156234603
737,899.36268623569,47.0671674349985,0.00286571203540079,121.306891886804,2.08388547542043
738,1088.68749646936,67.4528736130776,0.0155277763333404,1140.28380942339,3.05701295793848
739,405.445190670434,22.1181552142622,0.0124187056886265,111.367222758249,2.04675738949287
740,76.2214191083331,23.9011088827593,0.00190118444089312,3.4635330173932,0.539519332063323
741,1091.97488479549,65.8265841813433,0.0057865261754021,415.941153060154,2.6190318914223
742,227.061201579636,5.36968479798798,0.0154363944953773,18.8207789502617,1.27463759394775
743,125.59840461472,98.294460669552,0.0129471542378422,159.840742661763,2.20368748873198
744,687.287319684401,87.7966581545409,0.0209711051050806,1265.42856490134,3.10223763369434
745,404.361654561944,73.09563369557,0.0163684465306113,483.803342524185,2.68466886451117
746,616.127225331729,13.9405135238323,0.0128460117910989,110.336064190838,2.04271748813462
747,890.307570877485,65.7936647236141,0.00840528333904222,492.35290170757,2.69227650180027
748,145.655911747599,0.871517699757561,0.0103438703841064,1.31306854453688,0.118287397633374
749,787.39621474524,33.7136734409092,0.00509586774134077,135.275001131627,2.13121754623766
750,1047.34729502816,42.4569466248254,0.0099658923800569,443.155012753656,2.64655566619577
751,359.71355031943,45.939132075901,0.00761261436722707,125.797906575825,2.09967341400168
752,330.641749867937,55.9035061320277,0.0221237298277672,408.935754238248,2.6116550836273
753,238.421367137926,2.38253472094095,0.00722359863966703,4.10334487586889,0.613138019865378
754,148.420807416551,67.3692724558575,0.0176182259878376,176.164673593597,2.24591882347705
755,646.37352268328,10.8209304342273,0.0032551737899892,22.7678668661916,1.35732234323532
756,577.082977892132,4.234473656886,0.00977239336452913,23.8802373913224,1.37803863976173
757,581.649670941988,84.3407821921079,0.00647654097115155,317.718298748883,2.50204222841484
758,985.580874799052,71.8846691689014,0.0206981069941074,1466.42269509428,3.16625917336574
759,112.62196880416,46.9768192878671,0.0109013982426375,57.675176025376,1.76098892866748
760,283.837408898398,9.20165370594388,0.00870226447966416,22.7283441537176,1.35656779687331
761,601.625667640474,45.516476029011,0.0106711389279924,292.217190851074,2.46570576146875
762,317.248386226129,16.4620571899125,0.00516251370853279,26.9615431560472,1.43074474561464
763,664.821561606368,111.108049233912,0.0153262277015718,1132.10287235539,3.0538858922819
764,569.314359256532,0.128130023539877,0.0183420270168688,1.33798231302649,0.126450372470844
765,658.586505951826,39.3868173271302,0.0211886979899835,549.626909848152,2.74006798772046
766,222.756122978171,7.29822861102057,0.0149182306383271,24.2529421454893,1.38476443077518
767,224.351481639314,41.2876354200467,0.0153597510421649,142.276485800791,2.15313312966406
768,497.5901908183,25.8145635964028,0.0160343798602233,205.962789849017,2.31378876588887
769,775.085539522115,148.201751124106,0.0217949881647481,2503.56924149857,3.39855960723279
770,744.76351593039,1.71846391738137,0.023133296355675,29.6071315075482,1.47139633272569
771,1013.88599136844,31.1421062251993,0.0073581030981848,232.328759179514,2.36610297295086
772,908.440960804,21.2134512966193,0.00805312877865508,155.193198246191,2.19087268323095
773,767.787251266418,1.53856344764292,0.0213993819987634,25.2788631294953,1.40275753845176
774,902.686587034259,4.93332957591073,0.00982610537887085,43.7581080783016,1.6410585366134
775,206.266030098777,4.84935927333056,0.0173562440401409,17.3607234408346,1.23956781875615
776,332.047997333575,45.357475606281,0.0198594031932997,299.09967011043,2.47581593402998
777,414.835666387808,33.2754829264565,0.00430878564838786,59.4778615121197,1.77435534535459
778,492.451022198657,57.9179508886269,0.0199577277770266,569.229404425417,2.75528732614497
779,726.251766388305,75.0291048359206,0.0159087497832486,866.868092553662,2.93795301785179
780,903.827346023172,58.7349223816536,0.00199953460455872,106.147751941196,2.02591080085838
781,340.271231392398,39.96682395235,0.00412017231103964,56.0325322069618,1.74844024942921
782,914.953818393406,57.0068864378885,0.0109840940695256,572.915720478176,2.75809073920415
783,90.8646106836386,50.9533705949899,0.0196071465480607,90.7783078738179,1.95798208314452
784,745.760785759194,15.3611190681533,0.00900824697043281,103.195957023652,2.01366268298196
785,907.012573885731,17.4477755984405,0.00813575020846911,128.751109646272,2.10975098071265
786,547.903149970807,0.107860750640457,0.0212955692467047,1.25850947391362,0.0998564892152683
787,283.50252918317,33.1925205131813,0.0105434820939088,99.2158905259132,1.99658123480579
788,94.2374226113316,23.9492427046178,0.0140045551309129,31.6070892265259,1.49978450244937
789,365.211014653323,20.0921184532613,0.00714057849820238,52.3965865238468,1.71930299495806
790,1013.15444126958,58.2534547093203,0.00468671924045775,276.608980823182,2.44186627649142
791,1032.03893352766,0.662284393238522,0.00603673783720005,4.12613010552493,0.61554291806774
792,631.094904069323,34.6870733955055,0.0131974563354859,288.903342451337,2.46075256641939
793,299.908109632088,0.935360002532418,0.0223461612556828,6.26859096920792,0.797169932686083
794,576.663499115966,147.069905070981,0.0108293186109047,918.432844465061,2.9630474063201
795,896.177454554709,87.6749671683165,0.0198461014549946,1559.35441100522,3.19294483311777
796,492.82142422162,0.794907114472957,0.00351352840727195,1.37641511340522,0.138749432644369
797,181.304356059991,53.9650413697941,0.0179299407175975,175.428280535371,2.24409960664927
798,362.579304131214,4.38810139672156,0.00752051590553019,11.9654021502481,1.07792729958119
799,445.502876094542,10.6350254791047,0.0131808876285329,62.4501814223236,1.79553370436908
800,340.725962084252,2.41599825675399,0.00276903784328606,2.27945348429133,0.357830734190221
801,557.448879408184,13.6317185261943,0.0183385785658145,139.354605757967,2.14412132699417
802,449.991610081634,187.302079192629,0.0213763382784789,1801.69108045913,3.25568032851149
803,199.303855624748,3.20806514730024,0.0178373303717934,11.404827886446,1.05708873559857
804,123.168522544438,17.2652134921539,0.00389436009125784,8.28147682538786,0.918107790882138
805,344.366211793385,12.2789033480119,0.0221301875108155,93.5761574846504,1.97116520779915
806,1067.85719717154,8.07735568268548,0.0056383545759134,48.6334153916768,1.68693476995218
807,575.707869423786,0.344069002748174,0.019050492952764,3.77358322493376,0.576753932631621
808,564.767580473563,77.2941021427637,0.0162322659203317,708.590400215032,2.85039526433659
809,842.512703174725,52.8909677420371,0.010793915099767,480.991020684382,2.68213696888189
810,759.331237099832,6.11926986294274,0.0180004206670681,83.6399042448929,1.92241352694407
811,125.65098667983,158.42514291764,0.0107208959984826,213.413109593803,2.32922109385779
812,787.482875515707,170.453543330178,0.0145716782046482,1955.94538482695,3.29135672396926
813,447.343105898472,6.60712720653651,0.00867712643819396,25.6465731019265,1.40902934284545
814,981.236947566504,38.2791127285966,0.015699346258142,589.681256631685,2.77061732368963
815,869.679660385009,22.3152754481665,0.00949757226994261,184.32072584506,2.26557417197469
816,217.683732364094,59.5925817555021,0.0205446863912046,266.512567028129,2.42571769239558
817,377.384503022768,53.4216988309929,0.010538696427783,212.465613426804,2.3272886515279
818,204.23485506326,130.539157166675,0.0116003431101097,309.272639327704,2.490341500622
819,679.649164376315,161.032265619115,0.020920221461053,2289.62294240097,3.35976396814012
820,650.717499078019,12.6793868554428,0.0158197824462084,130.524261697039,2.115691245328
821,780.9391481278,110.289375116033,0.00201384996420238,173.451468893613,2.23917798206617
822,394.052579259733,9.56770877752497,0.0158945158839459,59.9251910036687,1.77760942696447
823,695.726512506371,42.4181733254574,0.00698983460310847,206.280138982603,2.31445741534354
824,1090.81017689896,70.2155732161661,0.0225592990013072,1727.85871233766,3.2375082271702
825,836.785038077505,69.3085348977056,0.0114135929534212,661.946674769956,2.82082300486878
826,152.753558603581,8.90940647850228,0.0161755681915209,22.0140351110863,1.3426996548142
827,537.448129069526,61.7650590447334,0.00394356679259799,130.908732295021,2.11696861722343
828,129.875357908895,32.1386159694854,0.00624459574832581,26.0650316498261,1.41605825661145
829,423.044401896186,15.382629141294,0.0221666746201925,144.250414131358,2.15911706865415
830,827.300952537917,7.15457841478681,0.0140126894863322,82.9409624626824,1.9187690706929
831,79.2096139804926,32.0026861480232,0.0105615200104192,26.7726126997114,1.4276907554118
832,866.207219369244,9.5904012702202,0.0142656034759246,118.508288503611,2.07374872608872
833,549.549591488903,13.1249149371457,0.00463831534872297,33.4552021803919,1.5244636588026
834,813.861358776921,13.6087963089473,0.0125063025216339,138.515722863039,2.14149907278748
835,758.168360136915,187.596207776511,0.00580544979854021,825.706275635076,2.91682558538715
836,661.375563644106,1.3787650731632,0.00697069249926135,6.35644572323509,0.803214342964922
837,796.408273809357,62.1545023022816,0.0191828268909128,949.556834770152,2.9775209641108
838,748.651586991036,79.0217695447659,0.0163889488414396,969.566496061301,2.98657759978106
839,371.585948672146,38.4943549168654,0.022637568797986,323.806910056781,2.51028611238372
840,174.67044206569,15.2133466834323,0.0047765170494793,12.6927437935495,1.1035555137884
841,1061.4818541042,32.5106602076755,0.0114868538777344,396.405306777864,2.59813945986197
842,829.742379847448,31.668085563208,0.0123257540683961,323.875860953405,2.51037858047266
843,703.04155528429,5.4153258243972,0.0134662641421426,51.2687485870642,1.70985271692615
844,197.927102848189,270.653248764326,0.011611166297528,622.005689732461,2.79379435737267
845,639.015522651607,54.5700289324534,0.00548571418616921,191.292863597381,2.28169876846907
846,344.325184752233,18.5915271016706,0.0171690659175627,109.908307782867,2.0410305212487
847,995.819851977285,77.0324992369843,0.0212794543408789,1632.35741171679,3.21281525548517
848,84.409444447374,16.875288998951,0.0080412226437591,11.4541890801526,1.05896434795743
849,317.140809330158,50.3281545558176,0.0182486750931246,291.269140953049,2.46429447493413
850,208.295710221864,1.48350294106109,0.0217856469768565,6.73192392328496,0.828139199418428
851,409.388975379989,25.8087196336512,0.00201334058302455,21.272564576028,1.3278198506962
852,819.558860483812,0.0180908295997777,0.0125603487371234,0.186226006682381,-0.729959669380645
853,1091.53886628337,14.8896504882664,0.00737684740645345,119.893187790856,2.07879450762855
854,808.011865953449,58.7346269445416,0.0117359468902694,556.967800930664,2.74583008874224
855,592.05080626416,38.3676194128536,0.0105601078576408,239.878974931411,2.37999218431038
856,521.948863624129,8.68956996808177,0.0197592053120723,89.6180964076265,1.95239571475618
857,1047.54588187789,6.69171801421901,0.00467876859505195,32.7976141119541,1.51584225176959
858,198.186024831375,0.451422950851286,0.0204949240445392,1.83359313900001,0.263302975232753
859,152.023806027137,52.3942748098992,0.0102353196867742,81.5261336796882,1.91129684669798
860,986.247030115919,33.6153364908595,0.0151302085014293,501.612192511582,2.70036808419456
861,510.06339743617,5.26720341872136,0.0045630621176213,12.2591576872664,1.08846063132928
862,118.419695750345,9.97274611494266,0.0207559999167686,24.5122041041547,1.38938236417881
863,738.628197234357,172.077550059362,0.0155668292457238,1978.56471011867,3.29635025868994
864,555.334641510854,69.0016030406878,0.0128078388336115,490.783326362123,2.69088979979269
865,708.374276402174,8.51948421280857,0.0153757582419319,92.7924467452544,1.96751262632272
866,352.585818350781,6.27565165758811,0.0225392660448095,49.8727641500667,1.69786343924009
867,236.227668821812,65.8531956524191,0.0188132223421242,292.665012937456,2.46637080717448
868,192.110626969952,19.5777473733983,0.0222034744655946,83.5093395502434,1.92173504899631
869,595.374934736174,1.08480471804074,0.0160214302089997,10.3476896447494,1.01484339457156
870,636.733094695956,40.2317712000552,0.0115989902517293,297.130175482545,2.47294675944447
871,219.162344187498,25.7168920702837,0.0221077121457318,124.602920162587,2.09552822045828
872,249.013276339974,22.15692458009,0.0161926604061853,89.3408725666964,1.95105018978627
873,856.034956238,48.9843634432027,0.00931849148946349,390.74603616357,2.5918945811096
874,615.579814126249,23.5718086495982,0.00925428140321747,134.282673252818,2.12801997844574
875,957.514091517078,38.0575475758654,0.00213641957922373,77.8524927001648,1.89127252247377
876,765.393862576457,5.59523910970308,0.0115027497271774,49.2612351296913,1.69250529672932
877,88.3670554263517,31.8142662045049,0.0127700616393238,35.9008960184556,1.55510528788235
878,785.528873902513,23.9770339117343,0.00309492916027084,58.2919150855224,1.76560832358866
879,989.006575458916,10.6694509396913,0.0177552589457016,187.356282383478,2.27266826032671
880,722.646429709857,30.238321700126,0.0050923628842691,111.276354292453,2.0464028885817
881,184.977021312807,102.552729533015,0.00919865174947772,174.497489440463,2.24178918298576
882,1019.09183394164,23.1393146548609,0.0099851261111442,235.460123616445,2.37191736768696
883,767.246440681629,1.36743256461514,0.0215665515533881,22.6267150927865,1.35462150841216
884,227.308555413038,16.2360761396879,0.0154985827753088,57.1990542917259,1.75738884838603
885,838.975388352992,3.78121670714211,0.0203586066141259,64.5845799937932,1.81012883962049
886,1041.16383342189,8.11029562139259,0.0106767339613987,90.1559054911428,1.95499417962432
887,506.302960013272,1.37931928446603,0.0169475357845193,11.8353698558094,1.07318183419812
888,380.166155123152,19.3907630308803,0.00604147960694972,44.5360466672273,1.64871166337587
889,340.912336902693,90.9327035141154,0.0131479908813024,407.588775153509,2.61022221518714
890,303.453349828487,94.466060993164,0.0211455789936706,606.160069365047,2.78258732393923
891,654.795702046249,20.8987231747923,0.00804887325300369,110.143953760559,2.04196066199068
892,850.566386146238,22.7909934151792,0.00837099534850568,162.273861904323,2.21024857192175
893,761.343634565128,104.528195241706,0.0110401933879592,878.599302098184,2.94379085395431
894,635.185864148661,25.7595053895175,0.0208640088249929,341.378449881763,2.53323610203697
895,906.750249210745,2.30575523815769,0.0164313679536106,34.3537862089182,1.53597460861608
896,853.145972097991,19.3468274716315,0.0112125251644291,185.070217024168,2.26733653424307
897,95.5701778526418,3.08742793532346,0.0197186820337782,5.81831336032363,0.764797107594192
898,465.42629263713,41.8445941695541,0.00700310901443008,136.389570160316,2.13478116067963
899,127.152116457,41.2455297637215,0.0100467821731698,52.68991110614,1.72172746586933
900,892.850510712015,27.4463800706192,0.00438572568872478,107.474464296885,2.03130528906714
901,1021.79169352166,18.4834281789249,0.00681442963979207,128.698772247126,2.10957440386755
902,631.163329724222,8.94374928831153,0.0165828700010432,93.6097469734429,1.97132107134915
903,948.673715174664,0.337844497142408,0.0231570139196236,7.42192008767012,0.87051627395904
904,673.151934874477,27.5636189055138,0.0196916139684152,365.36811829673,2.56273064851219
905,760.031734593213,403.871519819677,0.0168062519514468,5158.76595442079,3.71254582502212
906,599.097461428028,4.18483147212406,0.013084099362907,32.8034322043807,1.51591928607268
907,856.81935402099,52.4876744000277,0.00573671265884768,257.994053466925,2.41160969597771
908,1000.9463451046,12.1558336161415,0.0229160492204363,278.827298839205,2.44533529150214
909,915.986374981003,17.3455819843389,0.0195174575814279,310.099548477178,2.49150113387998
910,148.217645857949,31.4435360569696,0.0226181747843046,105.411707099,2.0228888466085
911,78.9937516325153,14.8715021762617,0.0130787656353321,15.3643551240371,1.18651433667508
912,128.50358125288,15.5841850145719,0.0177976896914886,35.6420731396691,1.5519629570633
913,963.224184233695,18.8576620170686,0.0189101673361845,343.487231616382,2.53591059775186
914,665.651298145531,98.2564171998694,0.0125806798726087,822.833223421558,2.91531181882404
915,396.688636339968,19.9171538028713,0.0129940773014212,102.665016863819,2.01142248282594
916,1058.45242838259,31.8194975860475,0.0169513162291376,570.910574943079,2.75656808749239
917,680.973600945435,36.4309790083348,0.0120491239515366,298.921112804412,2.47555659035088
918,619.694569183048,23.4244039538945,0.00812302173611242,117.91358789125,2.07156385434162
919,468.535088328645,81.6233160388813,0.0133261371680535,509.636628794765,2.7072606342248
920,402.542060229462,3.79199291374348,0.0144687876969809,22.0856876752271,1.34411092629791
921,903.595911670709,28.8955427097769,0.0159925023219083,417.562544546816,2.62072153542961
922,117.967485933332,62.936678923751,0.0223584224361228,165.999700132375,2.22010730351612
923,447.83626209246,52.041626728127,0.00762440390565898,177.695330201142,2.24967601478041
924,953.011891146889,12.892893159109,0.00749197854050435,92.0545433708941,1.96404522806236
925,790.395242959494,55.4790024678607,0.00730651456916239,320.393145403911,2.50568321607293
926,776.598634803668,59.5893662125982,0.0111532662880607,516.139932091522,2.71276746034126
927,431.715429050382,0.664930670460014,0.0109740739319939,3.1502267679581,0.498341817449321
928,643.548875144916,18.8201650783907,0.0102144498708192,123.714312319206,2.09241994539868
929,215.674707997823,18.5243926187857,0.014012142350967,55.9819132068378,1.74804773659127
930,879.554845229723,35.552457876019,0.00982009613066912,307.077711299919,2.48724829507953
931,984.034135873662,3.34695169188713,0.00987279822800774,32.5162062514207,1.51209986963467
932,284.198280377313,55.6775438149587,0.00839150872228202,132.782721133821,2.12314156445621
933,864.888535492355,54.3400459690223,0.0152240054410184,715.499067910445,2.85460907233533
934,686.27203477663,81.8125027454594,0.00533978373471182,299.805536422993,2.47683964857815
935,1056.61148596555,12.515346807603,0.00470869984647725,62.2671837272215,1.79425922352795
936,237.655607552733,42.6614478480119,0.00356344310725108,36.128795757063,1.55785348593064
937,614.123631000984,18.9467075503393,0.0034387527451152,40.012023092043,1.6021905107766
938,969.980151718482,0.661146804467422,0.0166358047707006,10.6685295835,1.02810456583704
939,966.448722040514,7.22540846679525,0.0226712371282745,158.312949129294,2.19951643921735
940,99.2808593204245,0.929431927169463,0.018839407979697,1.73840261115445,0.24015036564169
941,1075.28693581698,5.75533417267872,0.0158747517120326,98.2430543346211,1.99230185603703
942,577.479803160531,40.7090299397115,0.0166379467176273,391.135542923326,2.59232728256963
943,473.899581108708,8.13708649443354,0.00923197718844749,35.5999985218057,1.55144997993996
944,502.99383388483,17.4288634364275,0.0156471779505489,137.172719838942,2.13726774984427
945,170.24896601215,21.4089400904293,0.0101797308407957,37.1035910776999,1.5694159449184
946,240.854440454859,0.861655882192701,0.00447227822949644,0.928148204077007,-0.0323826713309024
947,490.551907545887,32.3819379736935,0.0186518710972276,296.285372332053,2.47171021080409
948,425.359805271728,70.5262544168457,0.0204637717840495,613.893382352069,2.78809295179784
949,500.638889550464,51.1666459347833,0.0107592358613154,275.608723571926,2.44029295974934
950,386.653780814959,15.0946725940586,0.0157535170594463,91.9440196101042,1.96352348632236
951,649.287550902227,13.6701562812726,0.0141877392589347,125.928419901621,2.10012375404422
952,234.771004336653,91.8279294026996,0.0210226371830329,453.217263960085,2.65630644465958
953,1055.49425824429,12.8772852785103,0.010305624055746,140.073018541466,2.14635448769792
954,120.065790985245,30.9339992247984,0.0103245266342536,38.3464801204744,1.58372550558847
955,456.461686303373,37.7406138197544,0.00842303125613835,145.10477427204,2.16168170193388
956,1061.68072494911,0.396314811936949,0.00388830762247089,1.63604352530285,0.213794853459633
957,736.563203623518,9.78396299614068,0.0174192361258436,125.531849315159,2.0987539268289
958,137.794179684715,7.32413844695406,0.0209296495606657,21.1226973059943,1.32474937552429
959,495.194576703943,34.1628366917118,0.0137595980390441,232.774579940154,2.36693555160286
960,511.552762414794,3.27753392403745,0.00462897222856991,7.7610808026423,0.889922205013193
961,595.8620368212,0.830498747912325,0.0212254604316084,10.5036881380854,1.02134181876314
962,535.839908529306,48.377381982264,0.010325059007341,267.651671861604,2.42756996050855
963,713.842918089358,55.4844850390243,0.0045995247032959,182.174325686328,2.26048717066973
964,218.477379321121,20.4880210518945,0.0211414210922783,94.6325768147475,1.97604066595173
965,1005.64506083028,5.71792910645899,0.0113929649705067,65.5119087936137,1.81632025347646
966,658.679356623907,10.5392208066667,0.0111197029506555,77.1926129376075,1.88757574186508
967,636.987588263582,6.52243648563089,0.0107704113560729,44.7479474681507,1.65077311956926
968,194.74831308471,1.38331265529632,0.00855440866476856,2.30453892666617,0.362584048322348
969,856.079040642362,22.7017092095202,0.00483619096160401,93.988747419977,1.9730758618344
970,565.328682871768,26.0200204337808,0.018795084984228,276.47314173339,2.44165294770748
971,876.518137537641,63.9963087846882,0.0198777604635805,1115.02161226973,3.04728328532007
972,122.177212318638,71.7251081838704,0.00594885533985216,52.1308530826059,1.71709483189109
973,915.340784494765,11.5574734782484,0.0116305725405226,123.040139074911,2.09004681335001
974,351.143658621004,22.0254229533995,0.00723480933562387,55.9546491603902,1.74783617702735
975,364.921674877405,21.9909514602332,0.00358323049133178,28.7553345353326,1.45871842448126
976,734.302098455373,8.6174277891537,0.0183346782408888,116.018090962212,2.06452571502403
977,1046.82180872769,0.157255820992676,0.00775288156543393,1.27627023788499,0.105942641780249
978,82.1734158147592,42.4831694977242,0.0126591799988644,44.1930347342506,1.64535382557419
979,435.408113815356,20.4886427013736,0.00469191213320009,41.8561787612463,1.62175957711648
980,504.521868028678,12.7029107198227,0.0120605511058355,77.2948207040633,1.88815039411232
981,544.323716993676,27.759677100065,0.0200882915884256,303.539120461927,2.48221467137788
982,804.484893806512,10.5073777060986,0.00210247952090576,17.7723153962249,1.24974401184008
983,1017.8442591161,71.4172722186356,0.0231818194669439,1685.12495114654,3.2266321091133
984,717.78846810339,167.302338288557,0.0187636579471407,2253.28432212748,3.35281599498185
985,999.736322794342,97.385694151887,0.00718028905529063,699.073055614479,2.84452256343146
986,851.262388163013,16.4902646107923,0.0177212525797775,248.762827984166,2.39578548531361
987,216.304824803956,1.26140259588784,0.0117600395882735,3.20869701948686,0.506328710870163
988,232.086249958957,54.202566612993,0.00256230745681096,32.2329833299998,1.50830050358232
989,271.094991557766,48.0561042165379,0.0149184314333368,194.353881045461,2.28859321746432
990,519.014769117348,41.8494663899002,0.0104057223103708,226.017399206484,2.35414187316734
991,164.399784390116,53.7491155334198,0.0232274433499668,205.245656566113,2.31227397529536
992,304.374501074199,7.69345230325158,0.0113156416465761,26.4977328800651,1.42320871771805
993,661.452396510867,4.03732034871959,0.00201348298969679,5.37699669982382,0.730539769925373
994,485.173407837283,39.1821389793591,0.00234702338413335,44.6172240929532,1.649502546705
995,654.602015187265,51.0204534256109,0.00832829157817178,278.149045233922,2.44427757353318
996,925.364475668175,105.054514043543,0.00447323888384271,434.860171342806,2.63834963264086
997,733.166664972669,124.144881225966,0.00426234936453402,387.95430173703,2.58878057179966
998,476.28622049815,75.0521069762648,0.0115190478224074,411.763159156149,2.61464748727733
999,802.319351106416,35.101724081501,0.0106143328874139,298.929254504524,2.47556841904791
1000,186.544674931793,25.4037760748833,0.00763376946707722,36.1759689890661,1.55842017271349
