"inner_id","C_retail","M","F_pathogenic","D_raw"
1,162.357352679355,7.35985174337598,0.00799730321562383,9.5561859034472
2,622.997512765368,46.487718538461,0.015471562080388,448.083250430214
3,224.938553529798,2.65783764475112,0.0121460931939771,7.26154370263984
4,803.437702252035,0.653150936549055,0.0139705090785399,7.3312493921095
5,937.470927019768,25.0498480410633,0.0149377178210532,350.789960156484
6,84.7608376725316,24.6098991481529,0.00408007964673452,8.51086526023979
7,309.747127896202,32.3178732269122,0.0122651226105634,122.77839594702
8,823.981832418615,54.3383093907832,0.00529069550202694,236.884435091581
9,329.774634618879,32.0585675077428,0.0110315085132141,116.626237476714
10,255.637979785417,23.7805137453256,0.0162152234088397,98.5756265572092
11,979.593871553254,22.5302101242946,0.0141150164594408,311.52484635598
12,253.395637843679,11.8125100827535,0.00753783003492281,22.5625232701635
13,462.735891181225,20.3991017856745,0.00825021285011899,77.8770306654252
14,349.093363969847,69.6539783896585,0.00202989222500473,49.3583348798166
15,98.8793390745218,13.7203375633752,0.00816401901917998,11.0757809809519
16,840.534222401536,11.8669218716737,0.0169318253771169,168.887405657208
17,145.238287821771,8.03793436311602,0.00336384831725154,3.92700975685367
18,83.9685432795012,19.1314091189058,0.0227548371634446,36.5542022132981
19,180.936215441086,6.09877290867996,0.0190279357018415,20.9971156262789
20,973.484097844271,73.241939213021,0.0209565566275967,1494.19961899642
21,817.633954829335,13.4356977486973,0.0129524033313617,142.288402540822
22,482.058389050423,20.4607706219486,0.00918325310195796,90.5770529005797
23,418.894334046273,16.1937428777821,0.0118335685112514,80.2726231273222
24,1083.20173154622,43.825933349799,0.00413578197052702,196.335193655307
25,436.346543764574,5.07101192101344,0.00673148492160253,14.8948813876172
26,502.854813492601,53.2092769302284,0.00985979647079948,263.814048787102
27,323.31255045541,5.05874211437936,0.0104463257625001,17.0855384009203
28,369.851829089018,193.672903691949,0.0161176565819886,1154.51221644536
29,163.048703910541,14.4164830474654,0.00477917740815319,11.2338812512588
30,111.338286399174,52.0348315548019,0.0117845225980971,68.2732660971092
31,996.016850250214,10.4102978672268,0.00496094381688163,51.4391934545048
32,846.137594597631,69.3786201306121,0.0136857986645307,803.409191735816
33,479.349780452938,2.96778060010951,0.00239114718646742,3.40165789321752
34,635.09677532141,25.7292424902065,0.0191071052515879,312.220779478896
35,80.1251724128276,15.0126526564844,0.0197928311476251,23.8086260222553
36,270.601199684936,31.2493475121305,0.00613062688959762,51.8412610252999
37,575.011398912572,9.09394749675539,0.0136275760810357,71.2602779483587
38,134.11107350394,15.8400778626199,0.0149784736815607,31.8192186973825
39,176.264872185943,2.30961367319911,0.004638966996409,1.88854090167595
40,139.705561426918,56.3191260615685,0.016791926274728,132.120473270023
41,110.055922013103,43.0272181168676,0.0206715120424749,97.8878814646074
42,228.328267120892,12.7730976321834,0.0222335071257083,64.8431174749674
43,227.824772410444,21.2383782683495,0.017578430050821,85.0554960631694
44,201.956252151487,115.211516774299,0.00183683559724595,42.7389141535854
45,112.943791485487,35.0302780006362,0.0183780505787116,72.7118825801112
46,108.881761101981,6.25498871337559,0.00920032661973965,6.26592096416638
47,140.23494739569,19.2537450844114,0.0106298337195301,28.7010605209082
48,262.136749872431,10.025233676559,0.00186736248580273,4.90739532263
49,153.205201787704,9.88190911181124,0.00902817805269733,13.668299356972
50,750.883709313333,2.97633772846969,0.00877428600338753,19.6095071336572
51,84.8233837420878,14.3177725783793,0.0117103204471758,14.2219724341274
52,245.930903129333,137.594903451783,0.0195444815051276,661.362560486657
53,641.021231959298,89.5358453054832,0.0159286722604418,914.216234559546
54,104.048590307766,20.753592618169,0.00968228086219169,20.9077435524723
55,338.308198730593,35.4436318823071,0.01874457711,224.763810922414
56,130.600642257234,10.0538566675325,0.0100052914475789,13.1373492624781
57,105.634415679496,69.2281074850448,0.0220964889351279,161.588766126071
58,567.110770968288,6.05426825429596,0.0183940522620222,63.1548883612359
59,829.814061205378,49.4105459841266,0.00836505587697029,342.980389206735
60,205.026012451403,32.8669839014133,0.00698067397153936,47.0398764368843
61,447.513369036675,0.927682950545484,0.00513074441086501,2.13003122347964
62,96.7557773097155,74.3899814244509,0.0208952010822948,150.396562984363
63,210.328012008921,66.8381208188725,0.0134136264201486,188.56780889653
64,156.705243888361,29.5998806786196,0.0212892714007292,98.7493597519947
65,668.654140404768,276.325724486014,0.0232730148917297,4300.06977714193
66,250.138168439666,27.4714515792319,0.0137369560389314,94.3956718610849
67,660.48775729452,54.8992721539322,0.00898318027746864,325.732786141635
68,664.625002656125,52.3106631260526,0.0161769810150843,562.42468836504
69,633.18070509323,108.820532563057,0.0205917837838177,1418.83694521087
70,244.37162734203,28.3483185704228,0.0228256030025193,158.1249295388
71,568.89137291042,1.52680284946683,0.0104852400526404,9.107321908143
72,406.388715786361,0.129131352337579,0.0175890861977357,0.923031700893256
73,505.09063155653,12.21528235876,0.00859683373391163,53.0409569518963
74,75.1259464133984,4.82618865748971,0.0116176578552229,4.21223733309237
75,268.805356728879,103.239081104526,0.00693253919477575,192.386406658749
76,135.454312289554,3.26034878192639,0.0166853673936101,7.36873047161973
77,207.995158418527,34.8077115374324,0.0107514862061478,77.8389912487001
78,388.826036929695,31.3839141245453,0.0166306664318079,202.942075887574
79,192.918652170092,8.9816125217596,0.0222181772636948,38.4978930395925
80,101.083902662847,31.196493529199,0.00289535525471438,9.13039658058303
81,144.278729519034,1.16063761840941,0.0151002342096297,2.52861456699193
82,451.061216152751,39.8199604610972,0.017853021231317,320.662395360508
83,230.237375329433,0.924153401482085,0.0165702299671946,3.52572494066284
84,622.814666531338,71.3973263197975,0.0206011883809231,916.079264945112
85,98.8633972737486,15.6965914703885,0.0189826108938549,29.4575640750824
86,241.15170281464,9.59533358023219,0.0207749488395173,48.0717988068806
87,1056.44657200379,30.8699671715538,0.0228883873651037,746.446869095552
88,825.381707026063,55.3896780338058,0.0135946741377236,621.516241512424
89,810.919947171454,45.8998646786144,0.0185917787003098,692.006748682548
90,120.013657083453,61.1977154784884,0.0142589102021419,104.725444894949
91,106.535845067511,0.935116388070364,0.00345063880651724,0.343764420593004
92,433.305857742667,30.4066776127213,0.0118790507484926,156.511144545865
93,188.675417159159,6.13141668916106,0.0050396701478865,5.83013032345823
94,437.581451494172,4.27986553474018,0.0137598780717934,25.7693589290884
95,177.305677681328,18.8997480736584,0.00300354501961265,10.0649773970512
96,124.15702949619,11.5024631444926,0.0176356434081215,25.1856679106037
97,613.021474092867,4.67369123927643,0.00184721335333306,5.29240127558387
98,96.432635753186,1.25050414397646,0.00367726183026098,0.443438836821053
99,262.712251594911,19.9880455387485,0.021184443320334,111.241724557687
100,296.241674356971,27.7617807226114,0.0227443957178155,187.054377482652
101,375.705228787045,23.2175953312101,0.00848113785889,73.9807277811598
102,183.334338702889,62.5646192793097,0.0156028677450493,178.968686120486
103,278.577474986567,15.1910891711658,0.0158517062697327,67.0827606828467
104,973.40613624035,0.879176780840547,0.0149640619991813,12.8061854996701
105,274.337706057951,5.86940742327433,0.0207484082214767,33.4090821133177
106,819.416498205462,3.91445327309072,0.0186021732110064,59.6677279589012
107,874.176754902017,11.9016481134954,0.00834425719426945,86.8148544722658
108,384.634291758648,23.1161581540863,0.00296128452308476,26.3295717124106
109,225.975655244379,32.3179694753233,0.011395852590166,83.2247585009484
110,111.332618444386,8.35770730528974,0.0109593766253209,10.1975403647853
111,924.550872370865,8.61618420545106,0.0154939256946789,123.42617113929
112,168.42012857866,57.2514401456559,0.0178111016287701,171.739894588067
113,88.2839129645953,114.36114456863,0.0144710749139311,146.103580456665
114,955.927538073828,34.012171957213,0.0117513553893194,382.073836698128
115,519.41601921935,3.13312071091809,0.00651650216158014,10.6049105717747
116,109.90654899793,70.3230701829302,0.0115498066173866,89.2680621758701
117,327.875689775903,23.0491042314367,0.0183024133882253,138.315747915682
118,972.406502132983,24.6079169354443,0.00735215892614797,175.929064199529
119,361.350695587034,11.3013219708041,0.0170078475281596,69.4556367074561
120,222.25642038925,11.9053141395056,0.0185425993209472,49.0643205166222
121,427.287104751263,8.56479728340444,0.0101097805762663,36.9980303486992
122,177.042730261434,32.5674635186906,0.00843405330630485,48.6293400015651
123,171.381832089551,46.3163884043713,0.00418180889526848,33.1943103783936
124,135.326595842496,65.9551762955593,0.0121176479017129,108.155938945057
125,202.305522212516,15.0832164436688,0.0176399549192982,53.8268755944496
126,1054.35544767837,51.9464187688122,0.0129310275181895,708.232242899058
127,113.478151342977,67.7898972056034,0.0216506258486304,166.551167894944
128,95.7742459146532,27.9937993743904,0.00211085952883586,5.65939387341787
129,109.792266084968,34.0369567934165,0.0215001558491029,80.3459666724431
130,478.451837821969,43.1222370391194,0.0142616071536439,294.244246054333
131,395.657641727159,5.11663286110729,0.0191842303334968,38.8372252519655
132,821.71692333449,51.4334405685568,0.0111215141254477,470.036653957279
133,457.089507247053,5.23439595522107,0.00856174828503281,20.484731650152
134,542.922936536099,8.93863619378383,0.0105897541605635,51.391977513557
135,304.003256186944,68.4566189888218,0.00819816782681737,170.61235823686
136,441.21633270157,2.6553780583578,0.00438312227169517,5.13524926109658
137,681.645848678479,20.6752290173613,0.00778499710333999,109.715396851642
138,619.621021666749,313.251324242837,0.00772452066694386,1499.30710333707
139,1041.97752939385,58.4150260103622,0.00911602954375558,554.866687339714
140,244.109157501097,4.89731370490014,0.0021943300624378,2.62327577756624
141,173.224507760729,54.9416002670116,0.0181592501454987,172.825790440009
142,225.239610184734,0.43829513454097,0.0114140500133624,1.12681128519248
143,77.1381794527774,226.246511125689,0.0147253216984216,256.989906902674
144,122.882698566364,15.9061098375571,0.00405520789192524,7.92625135824163
145,721.045960335351,187.106955158328,0.00248157349107787,334.795815087582
146,139.531580409405,36.1544166335277,0.00576948572131805,29.1052259119878
147,142.538129261963,24.3118701293945,0.00247512609506957,8.57722397146215
148,92.1528092928209,32.2639860331506,0.0219845989645226,65.3649823229027
149,145.096357536616,22.1261091374739,0.0123541630331427,39.6620254283473
150,535.764037269491,0.715658127833885,0.0190533758569043,7.30551944815996
151,730.251601895638,22.2570865792415,0.0138312609079992,224.803261242632
152,285.327051273107,39.9658577099287,0.00416199339327868,47.4606271229863
153,212.564998332738,41.6459890677517,0.00202605526424013,17.9356128885775
154,145.379265095022,36.0140957487299,0.0110946821063524,58.0884578699172
155,101.073325971679,81.4554191036053,0.00625312720851507,51.4818095094012
156,213.758812193722,21.5760492791172,0.0191352335728705,88.2530494434673
157,348.439507576787,19.359434884841,0.0127863692456856,86.25162955877
158,134.285805260798,1.84499285780294,0.0133817607146455,3.31541621278515
159,247.632795022208,2.07604071506607,0.0217541513094446,11.1837170561288
160,134.682332764378,133.64885184169,0.00343760654360522,61.8773960842537
161,289.007442726127,26.8859603950292,0.002274380743457,17.6724902756253
162,194.013203121864,20.3417983985894,0.013793262239499,54.4361779173048
163,429.694087377435,7.71686991149433,0.00405016347295605,13.4299102237131
164,205.164362535676,68.8639996499059,0.00745638169809245,105.347030923831
165,194.817685613002,0.975955100893364,0.0048100598228164,0.914552614738112
166,314.42587892946,18.4688925664264,0.00508914329607505,29.5531527268277
167,547.692117521465,42.6129564383883,0.0140467396134743,327.833770410587
168,135.812757542275,3.5062977105887,0.00305880929070991,1.45660486445069
169,227.227050265509,4.5180374738322,0.0153367662508506,15.745036001483
170,153.087592974008,20.3749895136138,0.0176240065133432,54.9720626971557
171,407.210183713864,76.5190651782467,0.00984579349176493,306.788452468943
172,122.875757568005,32.7780064935376,0.0169622965654824,68.3177252542155
173,762.704884649204,3.12776699956159,0.00294907220983878,7.03519804536331
174,556.938172088667,8.31920991790326,0.0143507983677089,66.4913469218812
175,451.33877835071,5.53629378112251,0.00747958217184059,18.6895616111469
176,394.343719269928,56.5337789019667,0.00567051721394528,126.417040042989
177,203.804706679266,1.7643454900157,0.00798284086394124,2.87048520558328
178,311.18974173143,41.590912229318,0.0147825166041264,191.325163738275
179,785.652983270026,17.6964468953497,0.0108242198333144,150.49201079563
180,357.745915829837,0.838131048924208,0.0154759010687238,4.6402626006992
181,715.333879419088,64.5262768951558,0.0221754000524059,1023.56838961692
182,173.571883342093,8.77607061337642,0.0131054475137033,19.9632543554577
183,502.530611630358,79.0430763814008,0.00715942918597721,284.383735490082
184,152.812843825674,27.2380184793288,0.0177754504978191,73.987096478305
185,370.051701904212,12.6527982708996,0.0132035059959861,61.8213175864735
186,273.152186134364,58.6333247513487,0.00473124266550876,75.7747348631701
187,152.818969183938,106.685737067445,0.0069660455254605,113.571650237607
188,341.633797048944,72.0402731877556,0.00434266969114542,106.879146397445
189,871.247172951945,4.28365261344837,0.00411007955351379,15.3393110460098
190,845.173170815721,41.0602623137488,0.0157917271153536,548.020812907537
191,156.613937629553,19.8891516720622,0.0176582883216441,55.004126489958
192,177.834780717668,28.3108250508476,0.011414802283817,57.4695270681502
193,1058.38870732483,65.4945406893614,0.00495436340018641,343.429942323465
194,396.441346331434,48.721768580745,0.0198712359122699,383.819350622199
195,929.565801255492,100.677138866405,0.0232329839096172,2174.28261899482
196,262.538508342052,22.354009699016,0.00221827745537739,13.0186009134585
197,223.646909050157,1.50896458086864,0.0133428039547987,4.50286629218202
198,440.496340408144,9.83416084020043,0.0189223125759279,81.9697902869784
199,112.914030412998,34.3412809861031,0.0130664979773108,50.6668151783533
200,349.312489484115,225.357973345002,0.0071019017460756,559.064224454696
201,142.395062219351,16.4075292313481,0.0119796454541618,27.9886583826729
202,994.238851672803,12.7889296167683,0.00808179157548584,102.762005957548
203,377.0969376443,109.229305183277,0.0225987257762579,930.842339252772
204,299.058821409698,26.2572922717439,0.0168305424008984,132.161411423157
205,221.103288509506,40.4644955084802,0.0178525777022121,159.724031764016
206,797.481217692119,5.48488462433014,0.00209308665753342,9.15535458591487
207,199.394440739802,180.847801922186,0.0104195794937667,375.730519214498
208,162.646152211351,13.5300262125362,0.0115581390596461,25.4349182864098
209,118.601494897094,2.968562963562,0.00441803037300706,1.55548248446838
210,119.088707324172,109.942609312333,0.0073298274444649,95.9688679671339
211,273.704980927601,30.5021832074177,0.00501351220773067,41.8558053755222
212,147.945652678655,3.44350499366141,0.0107650309738936,5.48426218684281
213,134.055926836264,9.11705276328345,0.00644894332597032,7.88186601869966
214,458.783335898184,23.0285802869466,0.0130378626726568,137.74669952213
215,85.2418466859139,208.633440703657,0.0208878530922346,371.475840860801
216,492.593006074338,70.8072881381608,0.012907628612197,450.20743611492
217,192.96566451739,15.0065047852303,0.0109386529654264,31.6754967754188
218,224.918665424521,30.5309540026346,0.00814768919181079,55.9500303646217
219,680.084048118358,6.09357382538037,0.00662600691553671,27.4591159010302
220,884.613291935276,55.6502890349793,0.00294331742946524,144.89653070497
221,160.17064790192,97.9325435614885,0.0186954955351073,293.256027748495
222,990.895791519944,140.892944322199,0.0224003387047676,3127.31633972437
223,530.408618872631,49.2017422720011,0.0213804036115296,557.964995221016
224,473.807672015535,130.279529496558,0.00807602751425002,498.512508524817
225,86.4360305451797,0.613373006454332,0.00703900146281812,0.373190456594265
226,216.779856735545,26.7292718203835,0.00841698441894259,48.7711027820863
227,270.63710842223,17.7123297339069,0.00885596133088693,42.4520575854854
228,337.677597285088,85.7833533764642,0.0150141948945355,434.917934994248
229,489.176631450799,35.7116332722468,0.0154537822159007,269.96670307721
230,877.105322941827,33.2999166833016,0.00412363715127576,120.441273027138
231,394.696912867109,24.4051684586746,0.012508448177902,120.489436403666
232,236.996935734929,25.2673275658015,0.00282273277263157,16.9033119701299
233,321.593030917942,13.4736377867259,0.0159419113904703,69.0767486408322
234,87.7539273675332,34.0742240639814,0.0223237591763726,66.7513211641932
235,151.114734468008,2.86120631967906,0.0223702080649789,9.67221655309273
236,217.9074435936,63.1331239737818,0.0213727994716726,294.029399235373
237,127.554904891903,60.4744688179249,0.012032363595278,92.8154282120486
238,700.429647685818,120.013452942072,0.0097383549260674,818.615664143805
239,113.078082484992,27.6199481326707,0.0101735917706508,31.7742714200048
240,648.804052386958,63.1048368539611,0.0220267164686928,901.832668938301
241,325.718024439605,1.94850016079823,0.0165556394655257,10.5072290129181
242,444.163779996011,28.1263455470524,0.0107647314333124,134.480602958482
243,118.937446937918,38.9299153680775,0.0121269308214076,56.1504151506402
244,410.594966724829,0.128204566467372,0.0178623408689862,0.940276297383051
245,173.302468401584,74.5224934976226,0.0176008029760094,227.31317489321
246,524.966710313241,74.462699922658,0.0119303946562111,466.364360014314
247,218.956234804355,45.7516998626008,0.0106448823373765,106.636385538587
248,1013.09950834102,9.9204933387113,0.0104446999997133,104.973902983687
249,1007.78613805669,25.8580241671129,0.0162330823108321,423.023708464853
250,528.004068441006,46.9958716076925,0.0166510409781011,413.179120798877
251,149.644664523588,200.637117242384,0.00306719361369032,92.0902617774048
252,136.062830265819,3.79968222184654,0.0116943224682007,6.04591229292825
253,368.764445228156,14.0644353771322,0.0126692514664726,65.7086129547979
254,153.843770628779,12.0152789457735,0.0051791452490259,9.57352475163706
255,312.223333882139,88.5436518427168,0.00831131337194238,229.769534257955
256,617.97600840873,65.1395584688598,0.00610461744824424,245.73944834726
257,117.781170906873,18.5143088982549,0.00431370692823548,9.4066288510427
258,222.190115721622,20.4321397120588,0.020103245345247,91.2651049715549
259,266.118761594629,185.200415825187,0.009105226154509,448.753850907057
260,771.900833192795,23.553915410067,0.00312827854226343,56.8761297738014
261,901.038897426161,7.21176338795427,0.0156686113811564,101.815879770462
262,801.197165375538,2.05637849449299,0.0182192885342054,30.0174552037739
263,458.549856592285,34.6160944084185,0.0133409252259415,211.763242692206
264,962.212218274524,3.22006493681168,0.0126025987313595,39.0477132779629
265,300.197569113671,58.9463512891468,0.018053935330431,319.47433998224
266,352.755272067719,48.41112488529,0.0208494822931942,356.05243717697
267,185.069527837878,3.06155603578689,0.019572367592901,11.0897177658151
268,190.614921491102,23.150181196382,0.0125689803945832,55.4640192544861
269,79.143678947851,1.41312205734426,0.0189203666133806,2.11604771763998
270,289.406257934522,7.40046907971596,0.005946800645045,12.7365130836757
271,778.012485266302,14.4311378757498,0.00981485291402787,110.197296008939
272,76.2798913342416,37.5831373292668,0.010554747814266,30.2587482246806
273,91.0130673353651,60.5260952368177,0.00377936004563235,20.8192306028484
274,116.569779483971,12.6609631223535,0.0018432103582425,2.72036777153377
275,593.644022905564,44.5791946672857,0.0101766206155997,269.31584303303
276,540.169203240251,25.3971369019206,0.00520879616735037,71.4581786968853
277,1019.97694502234,46.805904082711,0.0206969987219898,988.094237401973
278,262.495978247737,19.7286178472479,0.0144952983349329,75.0665527664834
279,91.5837154844923,15.2155769066412,0.0115106227116892,16.0400420018488
280,428.349464984204,100.331379336667,0.0132531560712494,569.579465880161
281,575.217795478112,10.6161090866419,0.0028918724834919,17.6594358215563
282,108.385801567806,48.5850234783406,0.0179983345955377,94.7779109521842
283,217.575673972999,6.56346090726073,0.0166010792280547,23.7071617371875
284,137.236212044802,112.752971299043,0.00455059684331063,70.4149830127962
285,87.6314814495044,38.0291684037782,0.0149356178232236,49.7737285072233
286,217.17175722254,21.8482397640171,0.0157683744935319,74.8181084687172
287,89.2871950433282,24.7888518101348,0.0092036558913067,20.3707005106474
288,137.568723619326,66.5985595986368,0.0166114182588179,152.191801429083
289,86.8514172857116,3.73081062078872,0.0140295516817831,4.54594217941865
290,453.766329995705,21.0138302437349,0.00774918205053546,73.8913074239414
291,166.850249353184,23.7715836389407,0.021463060242543,85.128821177405
292,98.2960372135215,64.564398869615,0.00278985206417274,17.7055856419716
293,90.9756718126073,192.00271516793,0.0212158260906115,370.589054688215
294,797.896874303263,43.0889939966149,0.0193759655897273,666.156811547401
295,568.543512420306,31.7948185299834,0.00876789728605654,158.49498033072
296,672.193593967792,10.7328400448815,0.0107777268130565,77.7564093521334
297,1048.48553140989,112.891815903433,0.0126414735152619,1496.31351912505
298,99.0587365838402,8.12983515584867,0.0136699214118533,11.008814203212
299,97.8536119873049,84.8327594769281,0.00336865717051551,27.9638697177005
300,640.860747783537,9.46891504304254,0.00866339870130178,52.5717209345673
301,616.788190074299,4.13298714130736,0.00681771954027936,17.3795783339126
302,76.9236101183536,5.6860253050612,0.00389844558290206,1.70513952952663
303,607.729449652199,48.5135754243889,0.0228203591601457,672.815581382387
304,531.829593024817,37.8541724788042,0.00915846473975107,184.377929544275
305,407.383882832888,60.5327425037843,0.0218580945692491,539.022003994916
306,272.874325647772,0.320349729939733,0.0192173231051536,1.67988646033997
307,114.222521980438,13.3381984679993,0.0106007126162993,16.1504259646046
308,76.6731458275042,99.5934269122913,0.0189471362995217,144.683010868155
309,252.800370216865,88.0276795684737,0.00705293654738925,156.952029640626
310,281.344507694541,45.3380051023938,0.0185358517135726,236.435886491583
311,213.525109421499,4.7119122162899,0.00364624165936839,3.6685259262231
312,261.22561003322,183.383421415617,0.00635749098048545,304.552084192008
313,509.308558762701,15.9439571604336,0.0229398864143994,186.280912383805
314,87.0084912129747,15.13467614895,0.00277082624142058,3.64874961486817
315,194.471488320225,0.959306687213868,0.0135310598838376,2.52432475301605
316,647.748540442797,2.74545673533837,0.0162862141561462,28.9628428981953
317,707.578681175212,18.1608386191811,0.00773987249466591,99.4590816594976
318,142.02207870841,40.8164717882995,0.0123985529469326,71.8724297592293
319,194.055688359594,9.67784449786526,0.0202792101788335,38.0851836182944
320,748.985920334412,13.9825749273884,0.0122229424130172,128.007841553835
321,742.732303508142,10.562841260377,0.00471876059654169,37.0203917761426
322,166.02497770417,0.86393319897777,0.0086190505313687,1.23626911809729
323,111.318756120161,61.7333548865455,0.0182744506957941,125.583492201306
324,496.763096098777,28.4650496668227,0.0027713145979913,39.1874587058754
325,99.113831595295,19.6565831097854,0.0216915707053384,42.2603698345216
326,82.1105620357558,6.81367309296056,0.0164827688830672,9.22168932765087
327,1098.2423009333,30.8448716088762,0.0107604999407893,364.513471746329
328,82.3638887313722,8.45473823570806,0.00470968898416031,3.27966313131474
329,186.096262290436,1.94418656628486,0.0217229573301272,7.85949311043874
330,875.646631852306,4.26269614436333,0.00677950881859288,25.3052998438941
331,393.515780645223,40.0780475604246,0.0176974819687428,279.113079115246
332,161.794912386367,127.492408551682,0.00197422690952662,40.723608547419
333,543.973267184391,7.40672284607869,0.00714554244799074,28.7898137227845
334,704.441627287522,15.190085045344,0.0230734582714038,246.898191550228
335,174.423561328625,6.98460186773061,0.0172181209013332,20.9764773903442
336,281.551020253198,56.5832952814157,0.0158121581978165,251.904828626148
337,488.011661101032,16.5260929768194,0.00697195845593233,56.2283296156754
338,419.970671568874,1.51899507051922,0.00366604422621895,2.33869198400589
339,422.755038502044,123.285084290766,0.00817854002951644,426.260521976824
340,1036.48355360221,0.26535856353557,0.013454479239136,3.70051710294557
341,228.444189225807,63.0015211353032,0.0185839387294371,267.466205203992
342,103.353885974899,13.0195990332992,0.00764459294984117,10.2867642094285
343,308.02515500134,37.790717299661,0.00861919929047581,100.331716541646
344,137.268656994136,21.1133948013347,0.0221745756375138,64.2665180728489
345,276.935472432277,56.4349483970952,0.0123405008579837,192.86770227398
346,202.700311301494,49.3804661588343,0.0227186211663764,227.400581451747
347,1051.89763297824,8.11470507782387,0.0199868593875552,170.604615120561
348,212.799228485462,3.36228387860288,0.0228629261153517,16.3582273645336
349,138.815104367795,30.9421365331839,0.00425077779120766,18.2580934236474
350,399.974935225092,7.46456209971332,0.00855060252507683,25.5290016184163
351,108.221210045509,3.97701079294828,0.0221105497218203,9.516312508112
352,1007.97865187735,30.9655505843192,0.0155932150575798,486.705001560588
353,299.092620205281,59.0623482373399,0.0228575734005542,403.781605364257
354,116.213160509875,192.988462027292,0.0226982581635937,509.071974333777
355,398.479011611367,8.39924037563687,0.0175068534177961,58.5940554034415
356,1059.27954672399,65.7216269494384,0.0102246211602585,711.813332566566
357,451.929299238411,50.8425290502488,0.0160644409886561,369.116331725741
358,231.023435057429,16.5063565130538,0.00733049481054768,27.9537803719001
359,178.726392317275,0.781486525674607,0.00846066708497237,1.18172055529175
360,706.71740665928,132.86213489127,0.0198698122209869,1865.69555873262
361,110.356927446213,47.9145686189731,0.016597872324707,87.7646453884541
362,125.877630971511,34.3601263678927,0.0184610405448591,79.8471628633191
363,833.596276522665,2.32599020822242,0.00841856069380883,16.323056936969
364,171.565824313631,5.59732997234027,0.0155936031718273,14.9747013368382
365,198.971146690521,0.682669228444906,0.0149879199924879,2.03583134262119
366,615.747524521737,80.0587643594346,0.00667092363089323,328.849757719396
367,126.068009009941,12.7167097585797,0.00709242316738237,11.3703620381199
368,78.6650979963275,83.1671611195841,0.0206717971461592,135.242191584616
369,223.511974016806,23.1807419799359,0.0186725491036894,96.7457147096054
370,274.533216272378,28.6925175245554,0.00235171493510716,18.5245740576492
371,232.847877702038,29.3763065788033,0.0180396618047496,123.395086647691
372,188.317179283312,75.5447924858567,0.0211008916717954,300.189350326906
373,768.542660964364,7.82759391045203,0.0210009169767844,126.338153296116
374,254.605677312302,41.0952078902452,0.00436786888919305,45.7013320867877
375,314.490844947156,91.0647270821967,0.0227898504228331,652.679049627571
376,998.21025459672,29.8844396460176,0.021366121620941,637.371793530227
377,600.470557758714,5.1868230004139,0.00736842739670537,22.9492213381839
378,131.425703979757,25.3719223160331,0.0209127263387898,69.7339617768617
379,171.873550687356,0.753851885495069,0.0197100432830164,2.55377512503398
380,1018.51747426459,47.0982513830169,0.0112446324676974,539.409427831375
381,360.785122964062,4.23705505771203,0.00345015529561788,5.27413657870514
382,578.673725873763,36.403739677493,0.0204223106530961,430.214102280309
383,204.062846930148,31.1026021806578,0.00875872636744753,55.5906337997461
384,591.829067363991,24.545961882456,0.00679000852240715,98.6385470212739
385,317.812560113352,14.0559467021476,0.0195974777517375,87.5449982845526
386,873.137971943911,26.7377133659351,0.0231184669844341,539.717091120828
387,123.361126309987,1.40943153939274,0.00674798864249606,1.1732664567122
388,160.037394200382,73.4743836953521,0.00370951026871335,43.6188288670201
389,96.7874192150534,9.77484005787657,0.0154566628123401,14.6232633945014
390,131.995448991777,94.301268380227,0.0202158452667762,251.633464254299
391,1034.38574044873,19.4054742205854,0.0057547491587,115.513617122855
392,166.206422203367,152.633365846766,0.0126677092614817,321.36262740423
393,526.984788407811,166.511398509799,0.00944455285121221,828.749823632646
394,618.633839214833,9.15296285636454,0.0195266615086701,110.566451092888
395,99.5435885683806,31.0699441583132,0.0122001712917816,37.7328573788551
396,142.727614669504,12.6218682885575,0.00678612794058863,12.2251358792233
397,155.098018378793,10.9707222233169,0.00760851381295361,12.946169875467
398,98.3850159711777,41.9380681802543,0.0194943602684187,80.4352414308086
399,102.940881182277,7.42717965903479,0.00235547945608851,1.80090635942211
400,1074.41386685156,69.1889587703197,0.0105273983645719,782.581283755246
401,1059.56443847532,15.7659567633077,0.0146147442039335,244.139990645657
402,108.374563725709,17.0625981228734,0.0131679025308229,24.3494483968639
403,853.00637107901,20.3636264484871,0.0164752745317062,286.180512252214
404,352.549582716031,28.9671319920044,0.0127179775152588,129.880441445799
405,216.913056224397,37.2146422105506,0.0137189936007606,110.744405198113
406,251.003648467789,59.7315504042624,0.0198866622522008,298.15748721437
407,500.122772679688,2.19116152106697,0.008518968445668,9.33550965701612
408,93.6023620322063,17.3916948528971,0.00257288458624389,4.18840838386581
409,186.557274129708,46.4725755157445,0.0193438723028637,167.707446253273
410,466.750912772802,23.9651052499599,0.0185394009726122,207.376821705665
411,175.682753885649,1.25499847399818,0.020276659063017,4.47062999024381
412,699.754739480131,22.0697764742869,0.00321296616534237,49.6192202746209
413,133.666699468038,0.945213216991328,0.00198933154793922,0.251339172113837
414,285.650345773917,17.1680746392715,0.0145211388235446,71.2126298217
415,157.407952760509,16.2319571176585,0.0204967306790175,52.3699491102645
416,125.609964749942,89.1973948536363,0.0113952755447943,127.673597324461
417,963.386849680095,62.6868872255253,0.00260786259938031,157.493315203438
418,177.950768246916,6.40202899712393,0.0106212475402979,12.1002135456335
419,271.081560965096,48.8623131651555,0.00965214854043443,127.849194870088
420,80.855558187288,13.334587094601,0.0120465738569153,12.988320583434
421,326.272479280953,11.540436566722,0.0046740717478795,17.5994078539634
422,423.115442162293,34.948884804746,0.0121083095171023,179.050571711547
423,371.96508070846,16.8002514031745,0.0074827228727052,46.7603349034254
424,178.05203451544,8.34649898683157,0.0123335582423722,18.3290381232908
425,821.099686655194,124.5292255959,0.0212803158992436,2175.93162569743
426,403.166482182654,111.591319465449,0.0125714429016924,565.587703940916
427,169.179907788139,48.1508199490317,0.0169253964126809,137.876839633057
428,212.73383084744,7.02229063724705,0.00304506559513975,4.54895890243128
429,115.406004682299,43.8560163367236,0.016620184729062,84.1188705153293
430,760.470977554084,85.457621842528,0.0189740984308999,1233.08949097826
431,969.824513310328,118.334831573433,0.00220538319898769,253.098642523049
432,340.767186369184,21.6860372247803,0.00259151329421438,19.1509978890504
433,181.728384797201,30.9062427478767,0.0142231779912952,79.8850705127782
434,1090.05206266612,11.2604323303778,0.01878577097815,230.585147255124
435,140.909031439464,69.4430365855205,0.0176081122157164,172.298037304401
436,388.722632977005,59.743742241324,0.0075735609592637,175.886446853899
437,100.284377127634,15.5872520974853,0.0191153781241272,29.8803537093196
438,277.397570513269,57.1244744016839,0.0109360568719683,173.294839592043
439,97.9598365747733,24.1974289648289,0.00535212664580904,12.6865535506289
440,115.620263960695,3.21423032694262,0.0147870227430947,5.49530361066244
441,160.370595077865,44.2003210530386,0.0195538476572372,138.606115348588
442,359.79068489868,4.18536732935133,0.0185904449392809,27.9945363632107
443,535.149220856198,51.1334824379472,0.00355175333558582,97.1903320173428
444,116.980507992616,4.49309081340138,0.00332130491961725,1.745691303115
445,768.510563726234,62.0672335492227,0.0224176403795835,1069.30630621463
446,502.913790014829,14.8873253355813,0.00374129427860025,28.0112244340159
447,578.015035536767,76.1517645093013,0.00636340192363132,280.097002579814
448,111.329454436929,7.24520341036417,0.0112428772483952,9.06855586450191
449,196.188863156239,8.73546922478019,0.0185242370047607,31.7468702842119
450,457.498941676746,17.172930201293,0.0201052711262135,157.959020707327
451,306.204820311438,42.2329436457929,0.0152315639324486,196.973532582301
452,191.887235331607,32.3758271196434,0.0101428795651998,63.0127200114013
453,143.086868314557,44.529238923041,0.00489072929306421,31.1615230283372
454,87.6863886112829,10.9418513819344,0.020755965291243,19.9143406295943
455,141.591865477529,15.9912175618425,0.0205854489695746,46.6101154861117
456,818.817472471926,12.1510102480606,0.00908040937904734,90.3451653538721
457,663.622477879736,80.5931969315493,0.0128362287160242,686.525887191326
458,558.358379613582,35.814321494203,0.0124196116239298,248.357786890222
459,113.694557772096,0.8059484392702,0.0188589128381107,1.72807898444881
460,104.846003545351,136.047019579333,0.0215459250622196,307.330779846904
461,1027.81417147577,326.685762345796,0.0144067457783502,4837.38553389678
462,241.954320630059,32.104848099724,0.0195048284753691,151.511688008772
463,260.770485446571,1.60004808474988,0.0191599365651608,7.99439378280172
464,116.910524657973,11.1603833188045,0.00785381916242186,10.247398327411
465,360.820455104804,41.7710661370735,0.0127359448842006,191.954315777189
466,155.195161002363,24.2431824540624,0.00814743296692614,30.6541022555714
467,139.133122432638,1.13676189994278,0.0204539110430749,3.2350157820941
468,479.997169328592,51.5942501610953,0.0171373989046086,424.40929531865
469,160.310107299841,3.06894527663873,0.00959055308434181,4.71838856591308
470,661.079959965502,16.8224763578171,0.0232361505658599,258.40927684892
471,96.5159641122955,95.9592263211111,0.0168715711507946,156.257696869653
472,682.057148496693,10.0367006880595,0.00690579621989746,47.2743424390639
473,236.365614663992,5.38202548445394,0.0157211847628467,19.9993241423668
474,571.052879430758,3.13527990079133,0.00919497385988943,16.4627788049408
475,444.24473865796,10.2756462165562,0.0190134615463438,86.7945842290023
476,247.472835413622,55.6226917889562,0.00878809910018463,120.969109064556
477,404.130440607722,146.480615623224,0.00754664541741368,446.740849628565
478,75.0937884102028,10.633507160244,0.003300294153695,2.63531899604018
479,134.412357991159,135.841912081855,0.0140661234702682,256.830981353466
480,497.938735213163,47.4718762951052,0.0018896730980603,44.6682552805196
481,133.664691229075,5.36260796767936,0.00783938550432213,5.61920362617109
482,667.386992245827,83.6435322146622,0.00782187476982363,436.637428651135
483,171.402021824669,3.9819718069128,0.0193919307302684,13.235342137953
484,475.551075027095,3.22618588135417,0.00432268768928479,6.63193732532256
485,918.071514142999,41.9109284602202,0.00743653832348064,286.137392134497
486,102.352563525559,14.5207524138907,0.0112435054536443,16.7105052010522
487,105.683799853875,37.2685260030608,0.0224052659666166,88.2471604766838
488,463.548371082357,37.7483974093044,0.00862894165290054,150.991016984533
489,237.332650332549,0.862981416134274,0.0186849091848824,3.82692476171773
490,705.097771901517,23.3733472623474,0.00462788546662778,76.26984364765
491,1018.77904853794,5.16805432250671,0.0124324268328026,65.4580384665166
492,90.6305828526361,15.5612880826174,0.0130920272266492,18.464060545788
493,257.823904732506,6.38786448312142,0.0208517762380186,34.3417111829971
494,493.562359871727,0.287256764271812,0.00957620350464713,1.35770576772186
495,94.7244981517506,85.3478309482338,0.0118253059858223,95.6020463810326
496,1079.35192259667,78.4799737253098,0.011261672085803,953.948206745691
497,147.998929111235,3.02969908476057,0.0171374948318815,7.68431935417151
498,85.672116765118,33.6316636210453,0.00290049723286647,8.35719053194349
499,473.743881930836,86.2308346529991,0.016878332559322,689.502339148959
500,620.69659284831,108.841496892568,0.0160647404941963,1085.2944494406
501,193.857737912409,174.441705557787,0.0160731273451354,543.542929240601
502,200.656593420642,74.0076687285653,0.0125479288008763,186.338332441274
503,162.149333173783,34.542156673425,0.00771964657732751,43.2376453039359
504,92.9685770716766,24.1516725684564,0.00982354059705976,22.0572537997236
505,200.12533006841,64.5511560336192,0.00406815643184818,52.5537523227069
506,120.971862980336,13.7065588749824,0.00728168577463366,12.0738211608402
507,316.429934628026,106.15608708807,0.00279594768346287,93.9185771357166
508,290.290271246987,26.8877222195457,0.0118965725659626,92.8556537387136
509,949.041927069308,52.21331637917,0.00876790158608928,434.472551565075
510,187.566382202669,48.4268062125626,0.00631472764543723,57.3581920609522
511,261.2591685091,2.24141633613283,0.0179815716262208,10.5298387468206
512,93.6095104035905,36.0054157373396,0.00704332384672016,23.7391662038937
513,755.493799004944,0.495410480775672,0.0105190725050168,3.93707368349718
514,217.036461474939,11.8731651159933,0.0169230458966456,43.6091618570894
515,541.207490793414,88.9331041204435,0.0042600359769538,205.040908287841
516,118.951793433493,1.54663228382801,0.00469725482126232,0.864175971143729
517,254.368918450923,0.809206271780162,0.022966251246701,4.72730251602457
518,593.437895036129,26.13374708125,0.0228006146262167,353.609165634459
519,88.7425543137866,52.326022509705,0.0181112622055924,84.1004591493939
520,669.447343324941,85.895499856937,0.00244627877727617,140.667180085391
521,168.381065009208,15.5386245036462,0.0227455091409618,59.5115808173366
522,199.704817689552,88.6400752710658,0.0181458124630852,321.214451656097
523,173.415622718649,47.1568337451023,0.0208800038404996,170.751069080134
524,82.9176581264613,45.2582382366675,0.00657199176640715,24.662760330615
525,302.10627589866,22.1171832163211,0.00761519768072758,50.8827698458873
526,464.532331078459,25.1068052584912,0.0148559830339625,173.26418283705
527,848.263823870619,43.1335694855158,0.00911426962895785,333.478790370546
528,80.3218779548169,31.2222242212168,0.0180748397618998,45.3285835274506
529,1068.2043178882,7.70588460184841,0.00340900441277772,28.0610807529085
530,169.172052013912,1.3425496032017,0.0209485218587331,4.75786748561021
531,934.131225025035,68.8106132952161,0.0183656127565308,1180.50747372056
532,475.378561140977,24.2358640618905,0.0207780162946554,239.38789297366
533,249.146366093394,84.8621238274218,0.0221771781584946,468.894068662971
534,671.963017792226,74.5757086494085,0.00876610870270524,439.288275797567
535,83.3931577346241,10.5833051584023,0.00564118394739926,4.97876925611143
536,545.77940042664,45.265558873722,0.00502177622991148,124.063029879009
537,191.330306093376,13.8412544961177,0.00426483478345908,11.294354939645
538,695.412600075907,27.004516700446,0.0119324851178797,224.083493114743
539,315.994858386558,59.8566374567046,0.019242839874886,363.966571878528
540,156.773317167111,5.9961362247106,0.02043496220042,19.2095626520466
541,644.51396248113,6.16365502390937,0.00319103127783164,12.6765687106563
542,95.9288748304387,32.2767901047547,0.0175370643665781,54.2995942775717
543,700.76871779351,54.9662536873887,0.0227124624932883,874.852964570018
544,157.748788904901,63.1020449767446,0.00848901974882465,84.5020045685426
545,566.809651349256,67.8776766920213,0.0172022775132908,661.83564728927
546,999.039595704509,9.79826299333315,0.0145968401891412,142.886318489149
547,93.342251481071,8.59482088755077,0.00272841805703938,2.18890048687388
548,743.932809744361,41.8705227592604,0.0114564427096164,356.855080129955
549,646.750694467029,1.73408939882469,0.0155315087217139,17.4189523784261
550,211.009175858963,1.1953221944526,0.0190145145738032,4.79591599476375
551,180.779176423974,6.9144830238129,0.0134505112500163,16.8130657093831
552,130.043219309932,41.0788794965049,0.0207591227367055,110.895850939682
553,346.059004284514,61.617032200852,0.00194589202147909,41.4925062251158
554,814.381569137964,112.380024097263,0.0114067334100371,1043.94675532104
555,311.088138943025,22.2350102613238,0.0121910775735276,84.3262682793631
556,362.785222208327,10.0562282381778,0.0188553062119288,68.7888896668942
557,448.259062715475,23.6294231657412,0.00778805727495346,82.4919054553451
558,311.237191684843,79.7017942143342,0.0144968314893311,359.61075916007
559,294.921923081421,1.12191219538496,0.00583037949115969,1.92913557248359
560,78.3266838584074,4.96162672269143,0.0191565575954271,7.44477021573418
561,85.2524596739009,40.8849523745382,0.0145782543413341,50.8131287792785
562,909.896859922762,102.028263716889,0.00765531265113968,710.682456376145
563,591.974718239864,1.21909062728982,0.0190555743400007,13.7518521614846
564,128.702773012388,37.0909924600364,0.0148054930656916,70.6771833564526
565,430.013097470614,22.5408570311068,0.0223952147176722,217.073764945967
566,434.080111073244,45.242172190596,0.00564009940305259,110.76437316087
567,216.79943443791,69.4253710508617,0.00189111394942738,28.4638769066424
568,664.473872620183,33.8578014208674,0.00979286245147232,220.316141513467
569,325.890622520282,90.654415320605,0.0183860497358954,543.186860146847
570,808.014747379668,31.0471661867784,0.0141222490744665,354.278763742756
571,331.442925161439,105.932092840038,0.00546487870540004,191.874310754283
572,854.699885154953,25.4702375554493,0.00372200177372433,81.0257793334219
573,363.275337409676,2.44688953242921,0.0206388790939935,18.3457885997475
574,233.862304802341,5.63959629068378,0.00493034659100231,6.50257981945746
575,960.710336152284,12.0099270802011,0.0154584482770413,178.360520459383
576,503.540549415611,7.54456371831663,0.0113941105112433,43.2861547309385
577,227.568605181548,38.1664116970802,0.0217039484221721,188.509146451014
578,78.791591218285,150.465344276358,0.014955845442554,177.307588368627
579,343.606231887922,105.269962343617,0.00328498171707615,118.822437257577
580,279.664709873615,31.2113425264229,0.0129113782557659,112.699690083054
581,794.120456988616,56.3567325881319,0.016625750623364,744.069412618387
582,665.45224500321,21.2481046631883,0.0122254652056843,172.863174987778
583,743.40401875903,85.2369606182123,0.0150453743118094,953.357651968543
584,201.441926979985,11.8169268748478,0.0121012042711489,28.8060033764485
585,784.109124712791,10.9461681441131,0.020131952709239,172.792355275209
586,112.608643793709,60.9356050180136,0.00755465694908053,51.8391179970816
587,159.862672420576,6.18339504293937,0.0105847267515026,10.4629394803237
588,449.42832281896,38.1199354926982,0.0189917627952062,325.37027355025
589,1035.17658534632,20.6148554264839,0.0205843709778972,439.270798768358
590,358.697978346573,11.0296748723165,0.0133862512903987,52.9603215288202
591,308.48909719276,47.3633116469632,0.00885574135342613,129.391814752307
592,88.2985317628479,27.6712120726774,0.014233216530364,34.7764079119532
593,1012.23590710149,1.45626107220633,0.00897831747606397,13.2347559572056
594,103.585175100315,0.534197127060318,0.00520765617811121,0.288165149184777
595,95.0872216368878,60.426171670419,0.0127676615903154,73.3598781255156
596,798.59047467605,65.1191483566254,0.00258417083562817,134.386009701647
597,293.75813531639,17.357959279905,0.00486327759870328,24.7980555223098
598,185.648858593507,35.7192769222144,0.00549643827760592,36.4482178005103
599,828.231680592252,43.8008631909149,0.00876577398094814,317.998284003054
600,81.7242187933371,38.8333122607242,0.00940181523126084,29.8378086701147
601,141.823994648482,51.6298852859467,0.0204297781730536,149.594120520951
602,473.954368553761,42.4929893935822,0.0094634453429142,190.591309367191
603,137.543599669282,16.4990273151601,0.0222403781925794,50.4708821671161
604,176.413375234122,1.66640972004809,0.012172084779432,3.57831251971628
605,119.669659619606,21.9386071154285,0.0204494230553508,53.6876217591457
606,645.347703867556,199.512964578914,0.0086289076180663,1111.01701592862
607,111.089912334531,61.1800300308373,0.00901255087770987,61.2536593964566
608,683.317287924709,114.589309721703,0.00527015846555587,412.657920922653
609,182.437634056885,56.3701729247209,0.0152361998082604,156.689703204016
610,204.864532749,55.6101777790205,0.00574329685997218,65.4308143704151
611,406.961325241908,13.9281828765825,0.0133934074909892,75.9169377373561
612,97.222824572198,2.15920698523122,0.00601767419518437,1.26325545296021
613,79.5633800305124,63.9825218082106,0.00403621939285658,20.5470436125639
614,1079.64404563935,311.123074760402,0.00890068431450054,2989.75922135128
615,359.85495535393,92.7407236712397,0.0147337155075045,491.711366627903
616,612.24616084717,19.007171575981,0.0166437913982198,193.684929382177
617,822.825488213509,26.0550991723492,0.00620505885949824,133.029013996503
618,569.487978831317,37.890930383235,0.0107230477819219,231.386529085964
619,1040.24908424372,114.675234479578,0.00490525276628323,585.151564231135
620,84.4406127043262,0.610698831551257,0.00626248807944357,0.322942629539778
621,848.645087672064,4.20908294175407,0.0182674735047156,65.2517361744767
622,766.517471592287,23.0008066961748,0.0121549841999775,214.298694387369
623,601.787970171907,17.8512476541682,0.00694911617641337,74.652034709649
624,206.326062677402,88.6201521838272,0.0189226283955621,345.99358192457
625,83.9794843543985,69.7677401651234,0.0113187162300572,66.3170244263536
626,199.565451213327,8.65283644524284,0.00545392110066023,9.41787027650066
627,156.439338579165,4.77452315018746,0.00534962606914341,3.99576005585908
628,736.187110489528,109.320350780779,0.0226259647716768,1820.94292027194
629,198.491433372017,95.1500717735992,0.0130295996967005,246.083197619338
630,169.896048415722,69.2604055778015,0.0130344653664622,153.377456204234
631,576.055945182438,14.151296432521,0.0166084004167467,135.390657817286
632,725.134272462903,1.08582614164327,0.0187437240515836,14.7582413063509
633,256.536738376364,5.28566710026731,0.0166856965738814,22.6252672421468
634,532.173935321073,58.7654103967998,0.0207077496298123,647.602145456324
635,99.1862445243788,15.6172718795702,0.00483428694314789,7.48840013863507
636,135.404954578818,34.3592448119558,0.00750277333969716,34.9059925922807
637,972.040988613126,27.5216755683723,0.0210599528321298,563.400001242699
638,565.179340205971,27.8357836576335,0.00940907482285984,148.02553952984
639,676.448378246978,54.6863739097415,0.0218439706987236,808.063281433045
640,230.317970206903,0.931569201269523,0.00883318303124979,1.89522237825238
641,369.550468638019,63.3985801263481,0.0156759375857189,367.271149745277
642,640.846887414759,1.91027712366344,0.0130088715315331,15.9253974202566
643,815.154983043057,16.6194592676682,0.0138951806243975,188.244056843644
644,211.019369984093,63.7312004745885,0.0125244776036823,168.435659644119
645,95.5887424953463,108.232395954356,0.0132127292658668,136.696236291588
646,402.611086164526,12.3601375052035,0.0100374462013831,49.9496284560238
647,555.546240314086,56.9021313315665,0.014734858500259,465.79488609139
648,94.3280466008958,89.5721622623918,0.00745838596387766,63.0171492754864
649,168.098715993921,54.0774469350286,0.0157040283780778,142.755104850139
650,390.700905796626,21.8798265406919,0.0161201958589489,137.802979229683
651,566.538699167937,67.9807574763842,0.0137199201652082,528.40529961754
652,880.346847185911,36.5799600823285,0.00842654965906404,271.360621306238
653,269.118793491412,122.329288134523,0.017782823216822,585.430286903529
654,343.962040484048,60.713863126158,0.0200115700438153,417.90690521319
655,542.256440516905,12.9601710235152,0.00972323815845884,68.332352862308
656,750.117222774335,6.22302277872818,0.011286735169543,52.6864409906673
657,861.841491748317,14.2693149937374,0.0205184121749597,252.333129129144
658,87.2612890966492,22.7151484867671,0.0105902243108256,20.9914463601745
659,289.480304466487,27.2576241969844,0.0122268612646265,96.4766033159648
660,192.270496120701,11.7659782015328,0.0126298060146626,28.5717845441058
661,726.540684017605,61.7450605750998,0.00265076222894713,118.913984962223
662,654.081603675059,81.4571563580184,0.0102986089102458,548.706046109197
663,102.779940168319,6.40979617383419,0.0116960879845545,7.70536483690294
664,508.498863201276,5.72339959808738,0.0137739747254644,40.0869797575137
665,141.079114490581,46.65213280823,0.0162602518399479,107.019149703465
666,91.7245685431001,17.5637394464948,0.0164690040627727,26.5320007012267
667,925.41122817453,7.38928635373333,0.0209491336097242,143.252868842689
668,114.385516185434,1.74121152892618,0.0161197973174974,3.21057002978263
669,426.328712303321,28.6226405864971,0.0130661287101218,159.441441287788
670,119.519966560393,3.33483503874721,0.00848710378138349,3.38278449796028
671,79.1542450499588,11.5562863281244,0.0023629913629964,2.16149700976682
672,304.148712924053,15.6300485401851,0.004595893077855,21.848228344211
673,94.5561718597512,12.2838647365912,0.0125914430748206,14.6251528378255
674,160.374676013964,19.1436575226167,0.0127848629076732,39.2515475100926
675,231.967797669124,8.45680656190133,0.00427728968563024,8.39078823397442
676,363.096608941059,84.8463490421146,0.00730687688821927,225.106037007808
677,654.537185073974,23.4717238754708,0.00533688002121635,81.9911072404754
678,129.019282546832,7.65363658542301,0.00780702082482167,7.70917309950441
679,257.574398284204,45.7567381071201,0.00507947465493344,59.8654909766549
680,249.887572715785,35.1443232800183,0.0110215222853702,96.7924375312612
681,538.089266950279,117.320459757469,0.00635970754974987,401.481215946294
682,511.331158594872,21.3702259306213,0.00347690602457151,37.9930644168764
683,699.10366005587,74.8899801495705,0.0205535435425816,1076.09843227132
684,811.131351089729,40.1532912939731,0.00640481622477528,208.602260357811
685,968.635906232505,2.58159032745089,0.00616100537946913,15.4063399650253
686,329.050721530165,48.7061128441856,0.00860590833479073,137.925013130215
687,304.984578682298,2.74639313599487,0.00890162256762851,7.45606630085008
688,118.618383746436,19.6774837765131,0.0183384348275838,42.8039483545442
689,271.675667854516,0.419406048579176,0.0141208182097878,1.60896017590353
690,148.286096817668,6.25009001577266,0.00528553867149167,4.89864492167273
691,83.4562123309751,15.8137250419544,0.0192874325459823,25.4546584378907
692,412.523833118004,8.87214809934978,0.0216223102231277,79.1370617098345
693,319.424417428798,31.5973164051924,0.00722832624283619,72.9551670491477
694,109.261821406488,23.0201597570228,0.0179558043633122,45.1628805622635
695,160.680518112891,49.6430816862056,0.00619327889727429,49.4017796741883
696,358.97827510292,65.2415844548096,0.01962873147598,459.711004586298
697,116.825096080038,26.7223270847102,0.00829330897966865,25.8903706775733
698,97.1360132445879,55.6150275922724,0.0182820848808158,98.763882187453
699,237.118904376462,23.3501091232779,0.00439408261463977,24.3289469895248
700,194.983183187637,9.07539458837616,0.0199600046368549,35.3202127426312
701,725.326926581865,26.6525232150511,0.019456280159601,376.124775716261
702,150.82104349532,61.8230317877686,0.0201586308582453,187.963391421171
703,79.809651032899,3.83564577705762,0.00211296071305405,0.646822810582402
704,760.159880206056,20.5298189794535,0.00261541076872963,40.8159559189259
705,184.205127888803,84.0118887531655,0.0082254155724775,127.29176651477
706,409.200802164706,116.187909482787,0.00882384583302774,419.522565422455
707,325.368405225144,30.6961916968139,0.00340761010088027,34.0337476145777
708,206.120080948505,25.712247749328,0.0170237671804614,90.222741541455
709,123.552290577439,11.3937787881591,0.00234150724306237,3.29620406166595
710,237.327548379041,32.2420240010812,0.0195173000019975,149.344828203743
711,408.086597155872,37.7466132602754,0.0127957751042675,197.104673265891
712,303.763832437285,121.6011619856,0.0182842147986637,675.382966063044
713,440.95914664087,9.37358204893101,0.0219670967700193,90.7980671913429
714,531.78714569382,26.0822084009593,0.0134521615565289,186.583944672674
715,277.241396271625,16.6921832730382,0.0222021619894775,102.746370360644
716,210.603262448905,38.8388519555348,0.00861431033846457,70.4615174979211
717,76.3891010876341,117.600580395183,0.00796606321244035,71.5623531637706
718,75.7457541262895,60.0474117389033,0.0226201834352221,102.884205627011
719,1085.14280751199,6.8839677264142,0.0070226779628545,52.4600228379099
720,100.205860480731,47.5012416937119,0.01899429393264,90.4109928326188
721,230.87040144602,45.927508755961,0.0081470237479778,86.3853563286579
722,515.647085378673,104.303448502864,0.016780890448438,902.539539108479
723,550.944669103063,17.2757475818246,0.0181654153912794,172.898079186666
724,780.011294405688,17.2085683011509,0.00768520137278829,103.157517630725
725,383.739730886368,1.0851309044921,0.00191197436938528,0.796161119712178
726,571.537845400407,91.0011264271374,0.0108751486602239,565.622873438659
727,729.836217640773,5.61895449621805,0.0146530637529911,60.0909908705985
728,388.835065068379,23.9390183605757,0.011306598502514,105.24554734689
729,631.282186764621,57.2373282574007,0.00916461361637339,331.144120007143
730,79.7475590486533,9.36829456317591,0.0129078974218108,9.64347240078732
731,229.785067525879,17.9322001784679,0.0067118220632663,27.656410678022
732,786.07517713492,2.37599310545662,0.00802252970060799,14.9837525390721
733,426.660490625229,0.117741831472162,0.00228206702945754,0.114641434542055
734,898.069928413943,96.7726265942455,0.0131598801814951,1143.70657637025
735,119.10577093465,175.43611926955,0.0107969599083997,225.607381647232
736,175.147379029153,16.4774278520652,0.0227581562731182,65.6795451847993
737,650.265380251334,47.0671674349985,0.00286571203540079,87.7084110638856
738,1067.87486591407,67.4528736130776,0.0155277763333404,1118.48480306879
739,178.266469062513,22.1181552142622,0.0124187056886265,48.9660304949795
740,75.2404002277629,23.9011088827593,0.00190118444089312,3.41895511103447
741,1077.11241691108,65.8265841813433,0.0057865261754021,410.279931254382
742,111.709297172608,5.36968479798798,0.0154363944953773,9.25942421755997
743,85.6320605123095,98.294460669552,0.0129471542378422,108.978232565387
744,373.05545949481,87.7966581545409,0.0209711051050806,686.867080501211
745,177.761097818242,73.09563369557,0.0163684465306113,212.684393599095
746,309.600351393246,13.9405135238323,0.0128460117910989,55.4432312684104
747,635.019350305508,65.7936647236141,0.00840528333904222,351.174841134084
748,90.2525574243998,0.871517699757561,0.0103438703841064,0.813614722506732
749,484.937468995214,33.7136734409092,0.00509586774134077,83.3124612979255
750,958.252581903324,42.4569466248254,0.0099658923800569,405.45713649184
751,158.136581503659,45.939132075901,0.00761261436722707,55.3030345633413
752,146.538587342629,55.9035061320277,0.0221237298277672,181.238055278562
753,115.084245187479,2.38253472094095,0.00722359863966703,1.98065447510875
754,90.9087420941699,67.3692724558575,0.0176182259878376,107.902046596993
755,335.133801020754,10.8209304342273,0.0032551737899892,11.8047560678628
756,279.494720179668,4.234473656886,0.00977239336452913,11.5657548796376
757,282.85898367972,84.3407821921079,0.00647654097115155,154.507910122281
758,815.073845272302,71.8846691689014,0.0206981069941074,1212.72928021129
759,82.7695723958725,46.9768192878671,0.0109013982426375,42.3873752889029
760,129.626583627494,9.20165370594388,0.00870226447966416,10.3798777461746
761,298.05770279022,45.516476029011,0.0106711389279924,144.770393461556
762,141.485489654908,16.4620571899125,0.00516251370853279,12.0242286514461
763,351.730448929872,111.108049233912,0.0153262277015718,598.95026654404
764,273.86328859721,0.128130023539877,0.0183420270168688,0.64362373857714
765,346.031148598272,39.3868173271302,0.0211886979899835,288.782155717577
766,110.456337291402,7.29822861102057,0.0149182306383271,12.0261168228069
767,110.919006667534,41.2876354200467,0.0153597510421649,70.3412625664866
768,226.944683240695,25.8145635964028,0.0160343798602233,93.9370609874488
769,469.54542915715,148.201751124106,0.0217949881647481,1516.6577545091
770,433.685260509622,1.71846391738137,0.023133296355675,17.2406089532369
771,877.818856101044,31.1421062251993,0.0073581030981848,201.149406697172
772,665.91785445993,21.2134512966193,0.00805312877865508,113.761847012506
773,460.652051362213,1.53856344764292,0.0213993819987634,15.1666495340985
774,655.953188751008,4.93332957591073,0.00982610537887085,31.7976038859474
775,105.785664875031,4.84935927333056,0.0173562440401409,8.90362640431268
776,147.079500906289,45.357475606281,0.0198594031932997,132.485154418456
777,182.706895168441,33.2754829264565,0.00430878564838786,26.1959524906881
778,223.909352148398,57.9179508886269,0.0199577277770266,258.819215360056
779,413.15254542113,75.0291048359206,0.0159087497832486,493.14683358913
780,657.916683454179,58.7349223816536,0.00199953460455872,77.267386542958
781,150.282785634274,39.96682395235,0.00412017231103964,24.7470965786517
782,677.378702360115,57.0068864378885,0.0109840940695256,424.153546875907
783,78.1831843586724,50.9533705949899,0.0196071465480607,78.1089263121115
784,434.819928109974,15.3611190681533,0.00900824697043281,60.168970360361
785,663.430326868703,17.4477755984405,0.00813575020846911,94.1744284661874
786,258.922826768723,0.107860750640457,0.0212955692467047,0.594734362301614
787,129.51289783257,33.1925205131813,0.0105434820939088,45.3249483525697
788,78.8771526503077,23.9492427046178,0.0140045551309129,26.4552778786716
789,160.430827906658,20.0921184532613,0.00714057849820238,23.0169064410147
790,876.137937686479,58.2534547093203,0.00468671924045775,239.201065634472
791,920.578554860421,0.662284393238522,0.00603673783720005,3.68050735908446
792,321.982992053997,34.6870733955055,0.0131974563354859,147.397740049988
793,135.201239580829,0.935360002532418,0.0223461612556828,2.82593648601832
794,279.18770576789,147.069905070981,0.0108293186109047,444.653006720845
795,644.861141755648,87.6749671683165,0.0198461014549946,1122.06244507922
796,224.126757453236,0.794907114472957,0.00351352840727195,0.625970059569514
797,99.088515636949,53.9650413697941,0.0179299407175975,95.8770561102264
798,159.328417485147,4.38810139672156,0.00752051590553019,5.25796306477133
799,197.993382139735,10.6350254791047,0.0131808876285329,27.7545293162639
800,150.461943567876,2.41599825675399,0.00276903784328606,1.00658898846761
801,265.480285208553,13.6317185261943,0.0183385785658145,66.3664451546253
802,200.335693773284,187.302079192629,0.0213763382784789,802.110582691619
803,103.873477402571,3.20806514730024,0.0178373303717934,5.94398501739701
804,85.0886179351333,17.2652134921539,0.00389436009125784,5.72109986364296
805,151.903874240547,12.2789033480119,0.0221301875108155,41.2775132160483
806,1011.15537321648,8.07735568268548,0.0056383545759134,46.0510444855513
807,278.489543876073,0.344069002748174,0.019050492952764,1.82541098863566
808,270.620137693105,77.2941021427637,0.0162322659203317,339.535834392995
809,560.275883445197,52.8909677420371,0.010793915099767,319.861846625785
810,450.55835095745,6.11926986294274,0.0180004206670681,49.6287463093836
811,85.6438587664996,158.42514291764,0.0107208959984826,145.462623891239
812,485.047590311141,170.453543330178,0.0145716782046482,1204.75838292891
813,198.950320443874,6.60712720653651,0.00867712643819396,11.4059965821258
814,805.849741102076,38.2791127285966,0.015699346258142,484.281079272327
815,601.609635704377,22.3152754481665,0.00949757226994261,127.505712481906
816,108.998079092656,59.5925817555021,0.0205446863912046,133.447536683776
817,165.630321994603,53.4216988309929,0.010538696427783,93.2490541683406
818,105.224186724379,130.539157166675,0.0116003431101097,159.340882041314
819,365.663879815992,161.032265619115,0.020920221461053,1231.85968925944
820,338.969930908404,12.6793868554428,0.0158197824462084,67.9923315909029
821,476.802305422891,110.289375116033,0.00201384996420238,105.900774017706
822,173.023936554845,9.56770877752497,0.0158945158839459,26.3124592807742
823,381.396080144429,42.4181733254574,0.00698983460310847,113.082418170592
824,1073.83048649573,70.2155732161661,0.0225592990013072,1700.96264314309
825,551.930645773839,69.3085348977056,0.0114135929534212,436.609928534343
826,91.946630389962,8.90940647850228,0.0161755681915209,13.250862161605
827,251.926431770411,61.7650590447334,0.00394356679259799,61.3628888647715
828,86.5970449567752,32.1386159694854,0.00624459574832581,17.3793917023359
829,186.679027106438,15.382629141294,0.0221666746201925,63.6541385467874
830,538.384708885986,7.15457841478681,0.0140126894863322,53.9756974692329
831,75.8317916645148,32.0026861480232,0.0105615200104192,25.6309188561284
832,596.160980327806,9.5904012702202,0.0142656034759246,81.5624897501188
833,260.042180921587,13.1249149371457,0.00463831534872297,15.8307164137659
834,519.7566010597,13.6087963089473,0.0125063025216339,88.460350810628
835,449.187667510041,187.596207776511,0.00580544979854021,489.201469623375
836,348.56904722216,1.3787650731632,0.00697069249926135,3.35007876199627
837,496.524201995915,62.1545023022816,0.0191828268909128,592.005338391146
838,438.12580903856,79.0217695447659,0.0163889488414396,567.409610671973
839,163.132977169758,38.4943549168654,0.022637568797986,142.15711184577
840,97.381104490602,15.2133466834323,0.0047765170494793,7.07637419940369
841,994.40543919459,32.5106602076755,0.0114868538777344,371.355941377036
842,541.839645511945,31.668085563208,0.0123257540683961,211.497913028299
843,388.776403295108,5.4153258243972,0.0134662641421426,28.3512112865932
844,103.499460375428,270.653248764326,0.011611166297528,325.257391794055
845,328.734798726315,54.5700289324534,0.00548571418616921,98.4085969485131
846,151.887546371636,18.5915271016706,0.0171690659175627,48.48237635307
847,837.235681460964,77.0324992369843,0.0212794543408789,1372.40472488365
848,76.8719897789971,16.875288998951,0.0080412226437591,10.4313718880729
849,141.445616233118,50.3281545558176,0.0182486750931246,129.906785628793
850,106.349722533542,1.48350294106109,0.0217856469768565,3.43712427200587
851,180.118048623425,25.8087196336512,0.00201334058302455,9.35924768636859
852,527.57366849167,0.0180908295997777,0.0125603487371234,0.1198790498781
853,1075.88262476651,14.8896504882664,0.00737684740645345,118.173526895343
854,511.851484955865,58.7346269445416,0.0117359468902694,352.822536390063
855,290.673383100714,38.3676194128536,0.0105601078576408,117.771029851337
856,241.900833306248,8.68956996808177,0.0197592053120723,41.5341304697926
857,958.751302463972,6.69171801421901,0.00467876859505195,30.0175446169262
858,103.569697727352,0.451422950851286,0.0204949240445392,0.958214320725975
859,91.7709957667052,52.3942748098992,0.0102353196867742,49.2142294310076
860,816.49769879536,33.6153364908595,0.0151302085014293,415.276485877238
861,234.483927049973,5.26720341872136,0.0045630621176213,5.63572185591856
862,84.036480211491,9.97274611494266,0.0207559999167686,17.3950738691442
863,426.769505135715,172.077550059362,0.0155668292457238,1143.18825814934
864,264.013732743463,69.0016030406878,0.0128078388336115,233.325148974314
865,394.246564330221,8.51948421280857,0.0153757582419319,51.6437489951171
866,155.210755135681,6.27565165758811,0.0225392660448095,21.9543412739715
867,114.424677934475,65.8531956524191,0.0188132223421242,141.761970623847
868,101.934127233575,19.5777473733983,0.0222034744655946,44.3101549204653
869,293.216050028615,1.08480471804074,0.0160214302089997,5.09613103867049
870,326.774787159247,40.2317712000552,0.0115989902517293,152.488775376536
871,109.421164780631,25.7168920702837,0.0221077121457318,62.2104892599338
872,118.322746236011,22.15692458009,0.0161926604061853,42.4517822848147
873,580.481908237438,48.9843634432027,0.00931849148946349,264.966988854345
874,309.156622693401,23.5718086495982,0.00925428140321747,67.4394721795874
875,757.286482791613,38.0575475758654,0.00213641957922373,61.5726085869473
876,457.772405676433,5.59523910970308,0.0115027497271774,29.4625227801047
877,77.67324084708,31.8142662045049,0.0127700616393238,31.5563184674807
878,482.57067117177,23.9770339117343,0.00309492916027084,35.8102286513779
879,822.422547523093,10.6694509396913,0.0177552589457016,155.798793330345
880,409.268176724596,30.238321700126,0.0050923628842691,63.0209584680537
881,100.046613072488,102.552729533015,0.00919865174947772,94.3786567881222
882,889.874070132691,23.1393146548609,0.0099851261111442,205.604491742509
883,459.999785967271,1.36743256461514,0.0215665515533881,13.5657639422575
884,111.781717836479,16.2360761396879,0.0154985827753088,28.1283233520758
885,555.10721744395,3.78121670714211,0.0203586066141259,42.7323220535959
886,942.852884628991,8.11029562139259,0.0106767339613987,81.6430160460813
887,232.184987618173,1.37931928446603,0.0169475357845193,5.42757088237363
888,166.841868300827,19.3907630308803,0.00604147960694972,19.5453412476605
889,150.535434497483,90.9327035141154,0.0131479908813024,179.977509530678
890,136.462947228161,94.466060993164,0.0211455789936706,272.590134873559
891,342.61131204534,20.8987231747923,0.00804887325300369,57.6310510191787
892,572.224025990645,22.7909934151792,0.00837099534850568,109.170787941268
893,452.940253814565,104.528195241706,0.0110401933879592,522.698257168668
894,325.452769112754,25.7595053895175,0.0208640088249929,174.913467223251
895,662.974500941638,2.30575523815769,0.0164313679536106,25.1179244639169
896,576.104621285869,19.3468274716315,0.0112125251644291,124.972526129157
897,79.1530667565346,3.08742793532346,0.0197186820337782,4.81883947658054
898,208.603320682038,41.8445941695541,0.00700310901443008,61.1295874167981
899,85.9813656243609,41.2455297637215,0.0100467821731698,35.6293755681538
900,639.264416165952,27.4463800706192,0.00438572568872478,76.9497243348245
901,896.191210075629,18.4834281789249,0.00681442963979207,112.878886339229
902,322.040722461704,8.94374928831153,0.0165828700010432,47.762835901694
903,739.947452577997,0.337844497142408,0.0231570139196236,5.7889564918512
904,359.491782485451,27.5636189055138,0.0196916139684152,195.122125192047
905,451.386045386243,403.871519819677,0.0168062519514468,3063.81280840268
906,296.089866188097,4.18483147212406,0.013084099362907,16.2123268370287
907,581.676130598771,52.4876744000277,0.00573671265884768,175.146583738883
908,848.557126182718,12.1558336161415,0.0229160492204363,236.377197001064
909,679.21374768763,17.3455819843389,0.0195174575814279,229.942150047586
910,90.8603643736044,31.4435360569696,0.0226181747843046,64.6194726735711
911,75.7889151764722,14.8715021762617,0.0130787656353321,14.7410115758768
912,86.2863601241357,15.5841850145719,0.0177976896914886,23.9325996094085
913,768.701325383981,18.8576620170686,0.0189101673361845,274.120079746593
914,352.495932967298,98.2564171998694,0.0125806798726087,435.731689511494
915,174.223091838087,19.9171538028713,0.0129940773014212,45.0898135793705
916,986.543762660221,31.8194975860475,0.0169513162291376,532.124308701827
917,366.934982897365,36.4309790083348,0.0120491239515366,161.070287104032
918,312.507661846252,23.4244039538945,0.00812302173611242,59.4630023954796
919,210.309391771672,81.6233160388813,0.0133261371680535,228.75846888806
920,176.91564326805,3.79199291374348,0.0144687876969809,9.70657237619532
921,657.517859848511,28.8955427097769,0.0159925023219083,303.846915526301
922,83.9369707482229,62.936678923751,0.0223584224361228,118.113155196842
923,199.207551583619,52.041626728127,0.00762440390565898,79.0428436764327
924,748.405933075216,12.892893159109,0.00749197854050435,72.2909830037873
925,488.762962625064,55.4790024678607,0.00730651456916239,198.124045339686
926,471.410600961155,59.5893662125982,0.0111532662880607,313.307060639923
927,190.968683707966,0.664930670460014,0.0109740739319939,1.39349816748929
928,332.662701562274,18.8201650783907,0.0102144498708192,63.9502902538034
929,108.425842889588,18.5243926187857,0.014012142350967,28.1437085617124
930,617.378642464576,35.552457876019,0.00982009613066912,215.544512729002
931,811.77738334621,3.34695169188713,0.00987279822800774,26.8241922356572
932,129.749204884838,55.6775438149587,0.00839150872228202,60.6212411513722
933,594.104767784695,54.3400459690223,0.0152240054410184,491.486925941404
934,372.064404808555,81.8125027454594,0.00533978373471182,162.540454535405
935,981.796717207844,12.515346807603,0.00470869984647725,57.8582737223406
936,114.853577631289,42.6614478480119,0.00356344310725108,17.4602294931672
937,307.979341715145,18.9467075503393,0.0034387527451152,20.065791170571
938,782.42936122901,0.661146804467422,0.0166358047707006,8.60571298544816
939,775.223234905752,7.22540846679525,0.0226712371282745,126.988503117226
940,79.9263669061388,0.929431927169463,0.018839407979697,1.39950646963363
941,1031.0318396195,5.75533417267872,0.0158747517120326,94.1997095533421
942,279.785465354759,40.7090299397115,0.0166379467176273,189.502800435027
943,213.286240682595,8.13708649443354,0.00923197718844749,16.0223603389937
944,230.180608289904,17.4288634364275,0.0156471779505489,62.7731355063444
945,96.2594925170788,21.4089400904293,0.0101797308407957,20.9785288648726
946,115.820231744961,0.861655882192701,0.00447227822949644,0.446320773189213
947,222.797985962526,32.3819379736935,0.0186518710972276,134.566359258452
948,187.814963429213,70.5262544168457,0.0204637717840495,271.060786014407
949,228.764736136623,51.1666459347833,0.0107592358613154,125.938192659177
950,169.70209819151,15.0946725940586,0.0157535170594463,40.354171660003
951,337.702331673554,13.6701562812726,0.0141877392589347,65.4968988172509
952,113.988800349885,91.8279294026996,0.0210226371830329,220.051417178359
953,978.926983525356,12.8772852785103,0.010305624055746,129.911893355229
954,84.3997033282233,30.9339992247984,0.0103245266342536,26.9554843164892
955,203.760750982022,37.7406138197544,0.00842303125613835,64.7735804864398
956,994.923715745838,0.396314811936949,0.00388830762247089,1.53317138106115
957,424.466729856078,9.78396299614068,0.0174192361258436,72.3415089288479
958,88.4125212473287,7.32413844695406,0.0209296495606657,13.5529013535995
959,225.524682986119,34.1628366917118,0.0137595980390441,106.01168877424
960,235.400729264687,3.27753392403745,0.00462897222856991,3.57140888497981
961,293.590504214021,0.830498747912325,0.0212254604316084,5.1753307074548
962,250.867132980426,48.377381982264,0.010325059007341,125.307963234071
963,399.936092357802,55.4844850390243,0.0045995247032959,102.064594459964
964,109.224967139471,20.4880210518945,0.0211414210922783,47.3103445538953
965,859.068272827978,5.71792910645899,0.0113929649705067,55.9632861822325
966,346.115339831868,10.5392208066667,0.0111197029506555,40.562296648178
967,326.992750747961,6.52243648563089,0.0107704113560729,22.9710196910165
968,102.641027387669,1.38331265529632,0.00855440866476856,1.21459456742511
969,580.548960362598,22.7017092095202,0.00483619096160401,63.7383547662928
970,271.018277231693,26.0200204337808,0.018795084984228,132.541080690953
971,612.486018651087,63.9963087846882,0.0198777604635805,779.145483432368
972,84.8679033774286,71.7251081838704,0.00594885533985216,36.2116316000001
973,678.065831614604,11.5574734782484,0.0116305725405226,91.1456319187786
974,154.625387471322,22.0254229533995,0.00723480933562387,24.6395146112705
975,160.309252660504,21.9909514602332,0.00358323049133178,12.6321523403908
976,421.959510023792,8.6174277891537,0.0183346782408888,66.6686598326344
977,956.93415438606,0.157255820992676,0.00775288156543393,1.16668049010456
978,76.4229469839226,42.4831694977242,0.0126591799988644,41.1004205808818
979,192.825294225968,20.4886427013736,0.00469191213320009,18.5364712524275
980,231.103998454578,12.7029107198227,0.0120605511058355,35.4060809977088
981,256.505900092226,27.759677100065,0.0200882915884256,143.039101322484
982,507.143287167624,10.5073777060986,0.00210247952090576,11.2035794829841
983,886.970051827862,71.4172722186356,0.0231818194669439,1468.45192854242
984,404.09193097813,167.302338288557,0.0187636579471407,1268.52694523937
985,845.871163272319,97.385694151887,0.00718028905529063,591.481699006546
986,573.268473048821,16.4902646107923,0.0177212525797775,167.525182050544
987,108.604996769739,1.26140259588784,0.0117600395882735,1.61106221163713
988,113.189787126181,54.202566612993,0.00256230745681096,15.7202097160415
989,125.370303819352,48.0561042165379,0.0149184314333368,89.8806908055609
990,240.048338490043,41.8494663899002,0.0104057223103708,104.534792413759
991,94.795533638876,53.7491155334198,0.0232274433499668,118.347913979478
992,136.792696372169,7.69345230325158,0.0113156416465761,11.9086727555078
993,348.639223991402,4.03732034871959,0.00201348298969679,2.8341146947528
994,219.680318807654,39.1821389793591,0.00234702338413335,20.2021088846232
995,342.437489757568,51.0204534256109,0.00832829157817178,145.506213880384
996,696.109661293754,105.054514043543,0.00447323888384271,327.125553814898
997,420.706078999988,124.144881225966,0.00426234936453402,222.616140248341
998,214.624135619451,75.0521069762648,0.0115190478224074,185.548748442463
999,504.273962142147,35.101724081501,0.0106143328874139,187.883090893068
1000,100.458386681699,25.4037760748833,0.00763376946707722,19.4815503718749
